,RK,Name,POS,REC,YDS,AVG,LNG,TD,Team
0,1,Tetairoa McMillan,WR,10,304,30.4,78,4,ARIZ
1,2,Damon Ward Jr.,WR,12,230,19.2,54,2,UNT
2,3,Luke Wysong,WR,14,224,16.0,53,1,UNM
3,4,Jimmy Horn Jr.,WR,7,198,28.3,69,1,COLO
4,5,Malik Rutherford,WR,11,197,17.9,52,1,GT
5,5,Jamaal Pritchett,WR,10,197,19.7,52,1,USA
6,7,Pofele Ashlock,WR,14,193,13.8,29,1,HAW
7,8,Corey Rucker,WR,9,179,19.9,58,1,ARST
8,8,Tre Harris,WR,8,179,22.4,61,2,MISS
9,10,Tai Felton,WR,7,178,25.4,75,2,MD
10,11,RJ Maryland,TE,9,173,19.2,49,1,SMU
11,12,Nick Nash,WR,10,170,17.0,26,2,SJSU
12,13,Josh Kelly,WR,10,156,15.6,35,1,TTU
13,14,Dijon Stanley,RB,3,150,50.0,79,2,UTAH
14,15,Kyle Williams,WR,4,141,35.3,59,2,WSU
15,15,Skyler Bell,WR,5,141,28.2,37,0,CONN
16,17,Jack Bech,WR,6,139,23.2,46,1,TCU
17,17,Ryan Williams,WR,2,139,69.5,84,2,ALA
18,19,Coleman Owen,WR,10,137,13.7,27,0,OHIO
19,20,Jaylin Noel,WR,8,135,16.9,54,1,ISU
20,21,Travis Hunter,ATH,7,132,18.9,41,3,COLO
21,22,Kyrese White,WR,3,131,43.7,57,2,USU
22,23,Mario Williams,WR,4,124,31.0,68,0,TULN
23,24,Isaiah Neyor,WR,6,121,20.2,59,1,NEB
24,24,Ja'Khi Douglas,WR,8,121,15.1,30,0,FSU
25,24,Kevin Concepcion,WR,9,121,13.4,35,3,NCSU
26,27,Harrison Wallace,WR,5,117,23.4,50,2,IIIPSU
27,28,Isiah Paige,WR,8,115,14.4,72,1,ODU
28,29,Jaden Smith,WR,10,113,11.3,25,0,NEV
29,30,Xavier Restrepo,WR,7,112,16.0,40,1,MIA
30,30,Jordan Moore,WR,7,112,16.0,47,0,DUKE
31,32,Luke Grimm,WR,6,111,18.5,58,1,KU
32,33,Treon Sibley,WR,5,109,21.8,70,1,LIB
33,33,Solomon Davis,WR,4,109,27.3,72,2,CMU
34,35,Oronde Gadsden,TE,7,108,15.4,28,1,IISYR
35,35,Chase Roberts,WR,7,108,15.4,25,0,BYU
36,37,JP Richardson,WR,6,107,17.8,34,0,TCU
37,38,Dont'e Thornton Jr.,WR,3,105,35.0,59,2,TENN
38,38,Cade McDonaldM-,WR,8,105,13.1,24,0,OH
39,38,Kenny Johnson,WR,7,105,15.0,46,1,PITT
40,41,Jordan Mosley,WR,5,104,20.8,65,1,MSST
41,41,Trayvon Rudolph,WR,4,104,26.0,47,1,NIU
42,41,Luke Floriea,WR,6,104,17.3,41,1,KENT
43,44,Kaedin Robinson,WR,8,103,12.9,47,0,APP
44,45,Devonte Ross,WR,7,102,14.6,29,1,TROY
45,45,Rico Flores Jr.,WR,3,102,34.0,53,1,UCLA
46,45,Elic Ayomanor,WR,7,102,14.6,29,0,STAN
47,48,Kris Hutson,WR,4,101,25.3,59,1,WSU
48,48,Xzavier Henderson,WR,7,101,14.4,42,1,CIN
49,50,Taylor Morin,WR,6,100,16.7,51,0,WAKE
50,50,Malachi Fields,WR,5,100,20.0,41,0,UVA
51,52,Cameron Camper,WR,4,99,24.8,53,0,BOIS
52,53,Giles Jackson,WR,10,98,9.8,23,0,WASH
53,53,Jerjuan Newton,WR,5,98,19.6,54,1,TOL
54,53,Tray Taylor,WR,3,98,32.7,59,1,CCU
55,56,Christian Fitzpatrick,WR,4,97,24.3,67,1,MRSH
56,56,Jalen Moss,WR,6,97,16.2,28,0,FRES
57,58,Grayson Barnes,TE,5,95,19.0,60,1,NIU
58,59,Kentron Poitier,WR,4,94,23.5,29,1,FSU
59,59,Kyren Lacy,WR,7,94,13.4,26,1,LSU
60,59,Cortez Braham Jr.,WR,8,94,11.8,48,1,NEV
61,62,Derwin Burgess Jr.,WR,4,93,23.3,48,0,GASO
62,62,Qua'Vez Humphreys,WR,3,93,31.0,67,1,SHSU
63,64,Michael Pettway,WR,1,92,92.0,92,1,JVST
64,64,Jeremiah Smith,WR,6,92,15.3,45,2,OSU
65,66,Ali Jennings,WR,2,91,45.5,62,1,VT
66,66,Bryce Kirtz,WR,6,91,15.2,33,0,NU
67,66,Joey Hobert,WR,6,91,15.2,37,2,TXST
68,66,Louis Brown,WR,3,91,30.3,44,1,IVSDSU
69,66,Malcolm Simmons,WR,3,91,30.3,57,1,AUB
70,71,Bru McCoy,WR,6,89,14.8,37,0,TENN
71,71,Joe Royer,TE,5,89,17.8,38,0,CIN
72,71,Christan Horn,WR,3,89,29.7,83,1,APP
73,71,Elijah Arroyo,TE,4,89,22.3,29,0,MIA
74,71,Oran Singleton,WR,8,89,11.1,33,1,EMU
75,76,Kevin Coleman,WR,5,88,17.6,25,1,MSST
76,76,Zion Steptoe,WR,5,88,17.6,29,0,TLSA
77,78,Roc Taylor,WR,5,87,17.4,45,0,MEM
78,78,Terrance Ferguson,TE,7,87,12.4,17,0,ORE
79,78,Colston Loveland,TE,8,87,10.9,20,1,MICH
80,81,Anthony Smith,WR,5,86,17.2,39,1,ECU
81,82,Savion Williams,WR,11,85,7.7,17,1,TCU
82,83,Ja'Corey Brooks,WR,7,83,11.9,21,1,LOU
83,83,Kyron Hudson,WR,5,83,16.6,24,0,USC
84,83,De'Zhaun Stribling,WR,6,83,13.8,27,0,OKST
85,83,Javon Campbell,WR,4,83,20.8,31,1,ULM
86,87,Perry Thompson,WR,2,82,41.0,70,1,AUB
87,88,Eli Pancol,WR,7,81,11.6,55,1,DUKE
88,88,Rashod Owens,WR,3,81,27.0,58,1,OKST
89,88,Latrell Caples,WR,5,81,16.2,36,0,BOIS
90,88,Tez Johnson,WR,12,81,6.8,19,2,ORE
91,92,KeAndre Lambert-Smith,WR,3,80,26.7,67,2,AUB
92,92,Terry Lockett Jr.,WR,3,80,26.7,32,0,EMU
93,92,Omarion Dollison,WR,2,80,40.0,73,1,JMU
94,95,Devin McCuin,WR,11,79,7.2,16,2,UTSA
95,96,Trebor Pena,WR,6,78,13.0,20,2,SYR
96,96,Cayden Lee,WR,4,78,19.5,35,1,MISS
97,96,Evan Boyd,WR,3,78,26.0,47,1,CMU
98,99,Elijah Canion,WR,3,77,25.7,50,0,LIB
99,99,Caden Prieskorn,TE,3,77,25.7,46,1,MISS
100,99,Jalen Royals,WR,5,77,15.4,30,1,USU
101,102,Denzel Boston,WR,6,76,12.7,20,1,WASH
102,102,Nik McMillan,WR,5,76,15.2,31,1,BUFF
103,102,Coy Eakin,WR,5,76,15.2,35,2,TTU
104,102,Harvey Broussard,WR,4,76,19.0,50,1,UL
105,102,Antonio Williams,WR,6,76,12.7,36,0,CLEM
106,102,Marlion Jackson,WR,3,76,25.3,39,1,LT
107,108,Jayden Higgins,WR,5,75,15.0,21,1,ISU
108,108,Justin Joly,TE,5,75,15.0,22,0,NCSU
109,110,Matt Sykes,WR,6,74,12.3,28,0,RICE
110,110,Omari Hayes,WR,5,74,14.8,28,0,FAU
111,110,Eli Heidenreich,RB,4,74,18.5,39,2,NAVY
112,110,DT Sheffield,WR,7,74,10.6,17,0,UNT
113,114,Abdur-Rahmaan Yaseen,WR,5,73,14.6,44,0,USF
114,114,Kyson Brown,RB,2,73,36.5,68,1,ASU
115,114,Kam Shanks,WR,6,73,12.2,27,0,UAB
116,117,Stephen Gosnell,WR,3,72,24.0,44,0,VT
117,117,Donavon Greene,WR,3,72,24.0,35,1,WAKE
118,117,Quincy Skinner Jr.,WR,4,72,18.0,31,1,VAN
119,117,Censere Lee,WR,6,72,12.0,17,0,PITT
120,117,Malik Benson,WR,7,72,10.3,19,0,FSU
121,122,Max Klare,TE,5,71,14.2,43,1,PUR
122,122,Kam Thomas,WR,7,71,10.1,38,1,UTEP
123,122,Jayce Brown,WR,5,71,14.2,44,0,KSU
124,125,Isaiah Horton,WR,4,70,17.5,30,0,MIA
125,125,Antwane Wells Jr.,WR,2,70,35.0,61,1,MISS
126,125,Sterling Berkhalter,WR,2,70,35.0,61,1,CIN
127,125,Sean Brown,WR,6,70,11.7,18,0,CLT
128,125,Zeed Haynes,WR,4,70,17.5,42,0,SYR
129,125,Jojo Phillips,WR,2,70,35.0,57,1,BYU
130,125,Ryan Wingo,WR,4,70,17.5,30,0,TEX
131,132,Brant Kuithe,TE,4,69,17.3,29,3,UTAH
132,132,Ketron Jackson Jr.,WR,2,69,34.5,39,1,BAY
133,132,Courtney Jackson,WR,5,69,13.8,32,0,ARST
134,132,Jaden Williams,WR,7,69,9.9,34,1,TXST
135,132,Deuce Alexander,WR,5,69,13.8,25,1,WAKE
136,137,Aaron Turner,WR,2,68,34.0,49,0,CIN
137,137,Dorian Fleming,TE,4,68,17.0,28,1,GAST
138,139,Mac Dalena,WR,6,67,11.2,19,0,FRES
139,139,Harold Fannin Jr.,TE,6,67,11.2,21,0,BGSU
140,141,Ja'Mori Maclin,WR,2,66,33.0,46,0,UK
141,141,Gavin Bartholomew,TE,5,66,13.2,21,0,PITT
142,141,Reece Vander Zee,WR,5,66,13.2,19,2,IOWA
143,144,Kamdyn Benjamin,WR,5,65,13.0,36,1,TLSA
144,144,Kole Wilson,WR,7,65,9.3,13,0,TXST
145,146,Jay Wilkerson,WR,3,64,21.3,55,0,LT
146,146,Aaron Anderson,WR,5,64,12.8,41,1,LSU
147,148,Ife Adeyi,WR,5,63,12.6,32,1,SHSU
148,148,Luke Lachey,TE,6,63,10.5,19,0,IOWA
149,148,Jeremiah Webb,WR,3,63,21.0,41,0,USA
150,148,Pat Bryant,WR,5,63,12.6,28,2,ILL
151,148,Jalin Conyers,TE,5,63,12.6,36,1,TTU
152,148,London Humphreys,WR,2,63,31.5,40,1,UGA
153,148,Tavion Smith,WR,2,63,31.5,56,1,UL
154,148,David Wells Jr.,WR,2,63,31.5,55,1,ORST
155,156,Beaux Collins,WR,5,62,12.4,20,0,ND
156,156,Jaylin Lane,WR,4,62,15.5,26,0,VT
157,156,Mason Taylor,TE,7,62,8.9,15,0,LSU
158,156,Cam Coleman,WR,2,62,31.0,44,1,AUB
159,156,Eric Singleton Jr.,WR,6,62,10.3,12,0,GT
160,161,Treshaun Ward,RB,3,61,20.3,42,1,BC
161,161,Kobe Hudson,WR,2,61,30.5,46,0,UCF
162,161,Jahmal Banks,WR,4,61,15.3,21,1,NEB
163,161,Markus Allen,WR,3,61,20.3,40,0,EMU
164,161,Keelan Marion,WR,3,61,20.3,52,0,BYU
165,161,Benji Gosnell,TE,4,61,15.3,26,0,VT
166,161,Isaiah Bond,WR,5,61,12.2,23,1,TEX
167,161,Robert Henry,RB,1,61,61.0,61,0,UTSA
168,169,Kaden Prather,WR,6,60,10.0,15,0,MD
169,169,Devin Voisin,WR,5,60,12.0,19,0,USA
170,169,Jaden Bradley,WR,2,60,30.0,42,0,UNLV
171,169,Will Pauling,WR,6,60,10.0,17,0,WIS
172,169,Dane Key,WR,3,60,20.0,35,0,UK
173,174,Jake Bailey,WR,4,59,14.8,28,1,SMU
174,174,Jahmal Edrine,WR,4,59,14.8,20,0,PUR
175,174,Vandrevius Jacobs,WR,2,59,29.5,41,0,SC
176,174,Chris Brazzell,WR,5,59,11.8,23,0,IITENN
177,174,Willie McCoy,WR,4,59,14.8,45,0,UTSA
178,179,LaJohntay Wester,WR,5,58,11.6,25,0,COLO
179,179,Carnell Tate,WR,4,58,14.5,34,1,OSU
180,181,Trace Bruckler,TE,8,57,7.1,12,1,UNM
181,181,Mekhi Mews,WR,3,57,19.0,57,0,HOU
182,181,Jack Griese,RB,1,57,57.0,57,1,UVA
183,181,Desirrio Riles,TE,3,57,19.0,32,2,ECU
184,185,Chase Lane,WR,4,56,14.0,20,0,GT
185,185,Arian Smith,WR,5,56,11.2,32,0,UGA
186,185,Lake McRee,TE,5,56,11.2,19,0,USC
187,185,Marcus Bellon,WR,4,56,14.0,31,1,NEV
188,185,Konata Mumpfield,WR,5,56,11.2,14,1,PITT
189,185,Zachariah Branch,WR,4,56,14.0,19,0,USC
190,185,Johntay Cook,WR,3,56,18.7,40,0,IITEX
191,192,Daniel Jackson,WR,4,55,13.8,20,0,MINN
192,192,Dekel Crowdus,WR,4,55,13.8,29,1,HAW
193,192,Key'Shawn Smith,WR,2,55,27.5,35,1,SMU
194,192,Omari Evans,WR,2,55,27.5,55,0,PSU
195,192,Dalen Cobb,WR,4,55,13.8,18,1,GASO
196,192,Jeremiah Aaron,WR,3,55,18.3,26,0,UNT
197,198,Jamal Johnson,RB,4,54,13.5,32,0,BGSU
198,198,Mario Craver,WR,1,54,54.0,54,1,MSST
199,200,Kobie Campbell,WR,4,53,13.3,22,1,RICE
200,200,Cam Ross,WR,2,53,26.5,43,0,JMU
201,200,Kenyon Sadiq,TE,4,53,13.3,24,0,ORE
202,200,Isaac TeSlaa,WR,3,53,17.7,28,0,ARK
203,204,Ryan Davis,WR,6,52,8.7,15,0,UNM
204,204,Roderick Daniels Jr.,WR,5,52,10.4,23,0,SMU
205,204,J.J. Jones,WR,3,52,17.3,32,0,UNC
206,204,Tre Shackelford,WR,2,52,26.0,39,1,WSU
207,204,Wayshawn Parker,RB,1,52,52.0,52,1,WSU
208,209,Emeka Egbuka,WR,4,51,12.8,19,0,OSU
209,209,Kobe Pace,RB,2,51,25.5,52,0,UVA
210,209,Malik Elzy,WR,2,51,25.5,34,1,ILL
211,209,Qua Ashley,RB,1,51,51.0,51,0,KENN
212,213,Elijah Metcalf,WR,3,50,16.7,28,2,MRSH
213,213,Matthew Golden,WR,3,50,16.7,38,2,TEX
214,213,Ja'Kobi Lane,WR,3,50,16.7,28,1,USC
215,213,Eugene Wilson,WR,7,50,7.1,16,0,IIIFLA
216,217,Mookie Cooper,WR,1,49,49.0,49,0,MIZ
217,217,Myles Montgomery,RB,1,49,49.0,49,1,UCF
218,217,Luther Burden,WR,4,49,12.3,19,1,IIIMIZ
219,217,Caleb Burton,WR,2,49,24.5,41,0,IIIAUB
220,217,Chrishon McCray,WR,4,49,12.3,29,1,KENT
221,217,Duce Robinson,WR,2,49,24.5,38,0,USC
222,217,Jordyn Tyson,WR,4,49,12.3,20,0,ASU
223,224,Stephan Bracey Jr.,WR,2,48,24.0,33,0,CMU
224,225,Jalil Farooq,WR,1,47,47.0,47,0,OU
225,225,Jake Smith,WR,3,47,15.7,21,0,ASU
226,225,Tailique Williams,WR,5,47,9.4,24,0,GAST
227,225,Omari Kelly,WR,4,47,11.8,26,0,MTSU
228,225,Bauer Sharp,TE,5,47,9.4,14,1,OU
229,225,Nyziah Hunter,WR,4,47,11.8,26,1,CAL
230,225,Leland Smith,WR,2,47,23.5,31,1,PUR
231,232,Demeer Blankumsee,WR,3,46,15.3,35,0,MEM
232,232,Eli Stowers,TE,2,46,23.0,41,0,VAN
233,232,Malick Meiga,WR,1,46,46.0,46,0,CCU
234,232,Jacob Gill,WR,3,46,15.3,31,1,IOWA
235,232,Roydell Williams,RB,5,46,9.2,15,0,FSU
236,232,Brock Spalding,WR,4,46,11.5,20,0,ECU
237,232,Jordan Anthony,WR,3,46,15.3,24,0,ARK
238,232,DeAndre Buchannon,WR,2,46,23.0,34,0,GASO
239,240,Kyle Ford,WR,2,45,22.5,41,0,USC
240,240,Chris Parker,WR,3,45,15.0,21,0,CMU
241,240,Antario Brown,RB,2,45,22.5,33,0,NIU
242,240,Colin Weber,TE,6,45,7.5,10,0,CLT
243,240,Malique Dieudonne,WR,2,45,22.5,23,0,WMU
244,240,Jameson Tucker,WR,2,45,22.5,37,1,CCU
245,240,Omar Cooper Jr.,WR,3,45,15.0,26,0,IU
246,240,Isaiah Myers,WR,2,45,22.5,26,1,CLT
247,248,Jadon Thompson,WR,3,44,14.7,33,2,LOU
248,248,Jordan Hudson,WR,3,44,14.7,28,1,SMU
249,248,Eli Green,WR,4,44,11.0,22,0,ISU
250,248,Chuck Montgomery,WR,4,44,11.0,26,0,MRSH
251,248,Sire Gaines,RB,3,44,14.7,17,1,BOIS
252,253,Elijhah Badger,WR,3,43,14.3,19,0,FLA
253,253,Eli Wilson,TE,3,43,14.3,34,1,APP
254,253,Jackson Meeks,WR,2,43,21.5,35,0,SYR
255,253,Kobe Prentice,WR,3,43,14.3,20,0,ALA
256,253,Noah Rogers,WR,3,43,14.3,18,0,NCSU
257,253,Myles Butler,WR,4,43,10.8,15,1,MTSU
258,253,Boden Groen,TE,5,43,8.6,14,0,RICE
259,253,Yannick Smith,WR,3,43,14.3,17,0,ECU
260,261,Dannis Jackson,WR,3,42,14.0,29,0,USM
261,261,Khafre Brown,WR,2,42,21.0,25,0,ARK
262,261,Justin Lockhart,WR,4,42,10.5,13,1,SJSU
263,261,Moliki Matavao,TE,3,42,14.0,20,0,UCLA
264,261,Sean Atkins,WR,4,42,10.5,18,0,USF
265,261,Gunnar Helm,TE,2,42,21.0,37,0,TEX
266,261,Robert Williams,WR,4,42,10.5,15,0,UL
267,261,Jalen John,RB,5,42,8.4,11,0,MASS
268,261,Caleb Douglas,WR,4,42,10.5,14,1,TTU
269,261,Luke Hasz,TE,3,42,14.0,20,0,ARK
270,261,Brandon Chatman,RB,1,42,42.0,42,1,NAVY
271,261,Daniel Blood,WR,5,42,8.4,15,0,MIZ
272,261,Jacob De Jesus,WR,3,42,14.0,24,2,UNLV
273,274,Avery Boyd,WR,5,41,8.2,22,1,GT
274,274,Sahmir Hagans,WR,4,41,10.3,14,0,DUKE
275,274,Preston Fox,WR,2,41,20.5,25,0,WVU
276,274,Braylin Presley,WR,5,41,8.2,15,0,TLSA
277,274,Jake Newell,TE,2,41,20.5,29,0,AKR
278,274,Marquis Johnson,WR,4,41,10.3,18,0,MIZ
279,280,Myles Alston,WR,5,40,8.0,18,0,ODU
280,280,Jordan James,RB,4,40,10.0,12,0,ORE
281,280,Koby Drake,WR,3,40,13.3,21,0,MEM
282,280,Ashton Hollins,WR,2,40,20.0,29,0,ILL
283,280,Jordan Napier,WR,3,40,13.3,29,1,SDSU
284,280,Carson Kent,TE,3,40,13.3,25,1,KENN
285,286,Anthony Torres,TE,3,39,13.0,14,1,TOL
286,286,Taji Johnson,WR,2,39,19.5,32,1,BUFF
287,286,Bryson Green,WR,4,39,9.8,11,0,WIS
288,286,Eli Sanders,RB,2,39,19.5,31,0,UNM
289,286,Jaylin Lucas,RB,3,39,13.0,25,0,FSU
290,286,Gabriel Benyard,WR,4,39,9.8,22,0,KENN
291,286,Nick Cenacle,WR,6,39,6.5,15,0,HAW
292,286,Marcello Bussey,WR,2,39,19.5,30,0,MEM
293,294,Oscar Cardenas,TE,2,38,19.0,35,1,UTSA
294,294,Lawrance Toafili,RB,6,38,6.3,21,0,FSU
295,294,Cameron Davis,RB,3,38,12.7,32,0,WASH
296,294,Peyton Higgins,WR,4,38,9.5,19,0,TROY
297,294,Robert Briggs Jr.,RB,3,38,12.7,18,0,USU
298,294,Tykeem Wallace,WR,2,38,19.0,24,0,KENN
299,294,Trell Harris,WR,2,38,19.0,35,1,UVA
300,294,Dylan Wade,TE,2,38,19.0,25,0,MD
301,294,Elija Lofton,TE,2,38,19.0,35,0,MIA
302,294,TreyShun Hurry,WR,2,38,19.0,28,0,SJSU
303,294,Daidren Zipperer,WR,3,38,12.7,19,0,UTAH
304,294,Jakobie Keeney-James,WR,2,38,19.0,31,0,MASS
305,294,Jacob Stewart,TE,2,38,19.0,26,1,SJSU
306,307,Shamar Sandgren,WR,3,37,12.3,21,1,USA
307,307,Jeremiah Ballard,WR,2,37,18.5,29,1,TLSA
308,307,Jaydon Blue,RB,3,37,12.3,15,0,TEX
309,307,Dymere Miller,WR,4,37,9.3,16,1,RUTG
310,307,Junior Vandeross,WR,4,37,9.3,10,1,IIITOL
311,307,Lawson Luckie,TE,2,37,18.5,31,0,UGA
312,307,Traylon Ray,WR,4,37,9.3,25,0,WVU
313,307,Sam Jackson,WR,1,37,37.0,37,1,VAUB
314,307,Ashtyn Hawkins,WR,2,37,18.5,32,1,BAY
315,307,Wesley Grimes,WR,2,37,18.5,23,0,NCSU
316,307,Kanye Roberts,RB,3,37,12.3,15,0,APP
317,307,Demarcus Lacey,WR,3,37,12.3,14,0,JVST
318,319,Dante Wright,WR,3,36,12.0,28,0,TEM
319,319,Traeshon Holden,WR,3,36,12.0,21,0,ORE
320,319,Solo Lewis,WR,2,36,18.0,28,1,LT
321,319,J.Michael Sturdivant,WR,3,36,12.0,16,0,UCLA
322,319,Deion Burks,WR,6,36,6.0,14,3,OU
323,319,Jace Henry,TE,4,36,9.0,17,2,NEV
324,319,Monaray Baldwin,WR,2,36,18.0,22,0,BAY
325,319,Zach Horton,TE,3,36,12.0,14,1,IU
326,319,Parker Kingston,WR,1,36,36.0,36,0,BYU
327,319,Cam Thompson,WR,2,36,18.0,25,1,NIU
328,329,Casey Kelly,TE,3,35,11.7,22,1,ECU
329,329,Tyrone Broden,WR,3,35,11.7,18,1,ARK
330,329,Brennan Presley,WR,7,35,5.0,10,1,OKST
331,329,PJ Johnson,WR,2,35,17.5,19,0,IIINMSU
332,329,Terrance Carter,TE,3,35,11.7,15,1,UL
333,329,Taz Reddicks,WR,2,35,17.5,23,0,ORST
334,329,Alex Perry,WR,4,35,8.8,12,0,HAW
335,336,Mavin Anderson,WR,4,34,8.5,19,0,CAL
336,336,Jake Orlando,TE,1,34,34.0,34,0,BUFF
337,336,Jaydn Ott,RB,4,34,8.5,23,0,CAL
338,336,Samuel Brown,RB,1,34,34.0,34,1,VRUTG
339,336,Kyirin Heath,TE,1,34,34.0,34,0,USM
340,336,Connor Vaughn,TE,2,34,17.0,20,2,TLSA
341,336,Trech Kekahuna,WR,3,34,11.3,14,0,WIS
342,336,Junior Sherrill,WR,3,34,11.3,16,0,VAN
343,336,Noreel White,WR,2,34,17.0,20,0,MISS
344,336,Isaiah Sategna,WR,1,34,34.0,34,0,ARK
345,336,Victor Snow,WR,4,34,8.5,14,0,BUFF
346,336,Hudson Clement,WR,2,34,17.0,20,0,WVU
347,348,Jimmy Holiday,WR,2,33,16.5,21,0,LT
348,348,Michael Trigg,TE,2,33,16.5,17,1,BAY
349,348,Dominic Lovett,WR,3,33,11.0,15,0,UGA
350,348,George Pettaway,RB,1,33,33.0,33,1,JMU
351,348,Gamarion Carter,WR,3,33,11.0,15,0,MTSU
352,348,Malcolm Johnson Jr.,WR,3,33,11.0,18,0,BGSU
353,348,Horatio Fields,WR,3,33,11.0,15,1,WAKE
354,348,Jaden Smith,WR,4,33,8.3,21,0,UTEP
355,348,Trey Leckner,TE,1,33,33.0,33,1,WSU
356,348,Decker DeGraaf,TE,1,33,33.0,33,1,WASH
357,348,Bryce Cain,WR,2,33,16.5,23,0,AUB
358,348,Brendan Doyle,TE,2,33,16.5,32,1,MEM
359,360,TJ Sheffield,WR,2,32,16.0,27,1,CONN
360,360,Chamon Metayer,TE,2,32,16.0,25,1,ASU
361,360,Noah Whittington,RB,4,32,8.0,14,0,ORE
362,360,Kevin DavisM-,RB,4,32,8.0,12,0,OH
363,360,Holden Willis,TE,2,32,16.0,25,0,MTSU
364,360,Stephon Johnson,WR,3,32,10.7,23,0,HOU
365,360,Dillon Bell,WR,4,32,8.0,23,0,UGA
366,360,Reggie VirgilM-,WR,3,32,10.7,12,0,OH
367,360,Trent Walker,WR,4,32,8.0,18,0,ORST
368,360,Bobby Golden,WR,3,32,10.7,19,0,AKR
369,360,Cameron Wright,WR,2,32,16.0,24,0,CCU
370,371,Maliq Carr,TE,2,31,15.5,21,0,HOU
371,371,Tory Horton,WR,5,31,6.2,10,0,CSU
372,371,Dorian Singer,WR,2,31,15.5,17,0,UTAH
373,371,Kenny Fletcher,TE,4,31,7.8,12,1,RUTG
374,371,Raphael Williams Jr.,WR,4,31,7.8,14,2,PITT
375,371,Frank Covey,WR,4,31,7.8,16,0,IVNU
376,371,Zach Ortwerth,TE,1,31,31.0,31,0,IOWA
377,371,Will Monney,TE,1,31,31.0,31,0,USU
378,371,Patrick Overmyer,TE,3,31,10.3,16,0,UTSA
379,371,Jahdae WalkerTA&M,WR,6,31,5.2,11,0,
380,381,Theo Wease Jr.,WR,3,30,10.0,12,0,MIZ
381,381,Ja'Shaun Poke,WR,6,30,5.0,9,0,SDSU
382,381,Tamatoa Mokiao-Atimalala,WR,2,30,15.0,19,1,HAW
383,381,Tyler Warren,TE,3,30,10.0,19,1,PSU
384,381,Taylor Thompson,TE,2,30,15.0,15,0,JMU
385,381,Miles Cross,WR,1,30,30.0,30,0,IU
386,381,Davis Dalton,WR,3,30,10.0,21,0,USM
387,381,Brock Rechsteiner,WR,1,30,30.0,30,0,JVST
388,381,Jaron Tibbs,WR,4,30,7.5,12,1,PUR
389,381,Dean Connors,RB,9,30,3.3,11,0,RICE
390,381,Fred Robertson,RB,1,30,30.0,30,0,LT
391,392,Monte Harrison,WR,2,29,14.5,18,0,ARK
392,392,Sterling Galban,WR,2,29,14.5,19,0,MASS
393,392,Anthony Landphere,TE,2,29,14.5,27,1,MEM
394,392,Myles Price,WR,4,29,7.3,10,0,IU
395,392,Lawrence Arnold,WR,2,29,14.5,22,0,KU
396,392,Quali Conley,RB,3,29,9.7,16,0,ARIZ
397,392,DJ Allen,WR,1,29,29.0,29,0,UTSA
398,392,Titus Mokiao-Atimalala,WR,2,29,14.5,21,0,UCLA
399,392,Michael Masunas,TE,2,29,14.5,22,0,MSU
400,392,Brayden Loftin,TE,2,29,14.5,23,1,KSU
401,392,Tylan Hines,WR,4,29,7.3,11,0,HAW
402,392,Dylan Sampson,RB,3,29,9.7,19,0,TENN
403,392,Eli Finley,TE,3,29,9.7,12,0,LT
404,392,Jarod Bowie,WR,2,29,14.5,24,0,JVST
405,392,Gavin Harris,TE,2,29,14.5,24,0,CMU
406,392,Caden Jensen,TE,3,29,9.7,15,0,UL
407,408,Zakhari Franklin,WR,2,28,14.0,16,0,ILL
408,408,Melquan Stovall,WR,1,28,28.0,28,0,ASU
409,408,Jacob Bernard,WR,4,28,7.0,17,0,UL
410,408,Romello Brinson,WR,4,28,7.0,11,0,SMU
411,408,Thomas Gordon,TE,2,28,14.0,25,0,NU
412,408,Bryan Robinson,WR,4,28,7.0,8,0,MRSH
413,408,Barion Brown,WR,4,28,7.0,12,2,UK
414,408,Ja'Quez Cross,RB,3,28,9.3,20,0,ARST
415,408,Houston Thomas,TE,3,28,9.3,18,0,UTSA
416,408,Jhari Patterson,WR,2,28,14.0,18,0,ECU
417,408,Dean Patterson,WR,5,28,5.6,11,0,FIU
418,408,Cyrus AllenTA&M,WR,2,28,14.0,15,0,
419,408,Amare Thomas,WR,3,28,9.3,15,1,UAB
420,408,Carl Chester,WR,2,28,14.0,21,1,MRSH
421,408,Fluff Bothwell,RB,1,28,28.0,28,0,USA
422,423,Landon Parker,WR,2,27,13.5,23,0,TROY
423,423,Marcus Major,RB,1,27,27.0,16,0,MINN
424,423,Michael Brown-Stephens,WR,2,27,13.5,15,1,USF
425,423,Keyan Burnett,TE,1,27,27.0,27,0,ARIZ
426,423,De'Nylon Morrissette,WR,2,27,13.5,19,1,PUR
427,423,Chase Hendricks,WR,3,27,9.0,13,0,OHIO
428,423,Moussa Barry,WR,4,27,6.8,10,0,WKU
429,423,Grayson Tempest,WR,1,27,27.0,27,0,TLSA
430,423,CC Ezirim,TE,1,27,27.0,27,0,TOL
431,423,Carter Shaw,WR,1,27,27.0,27,0,UCLA
432,433,Jaylan Knighton,RB,2,26,13.0,18,0,SMU
433,433,Jake Briningstool,TE,3,26,8.7,19,0,CLEM
434,433,Walker Merrill,WR,2,26,13.0,14,0,WAKE
435,433,Tyler Fromm,TE,2,26,13.0,14,0,GASO
436,433,Brashard Smith,RB,2,26,13.0,17,0,SMU
437,433,Janiran Bonner,WR,3,26,8.7,14,0,NEB
438,433,Rayshon Luke,RB,1,26,26.0,26,0,ARIZ
439,433,Davon Wells,WR,4,26,6.5,11,1,ULM
440,433,Alex Bauman,TE,2,26,13.0,14,1,TULN
441,433,Jalen Brown,WR,3,26,8.7,15,0,FSU
442,433,Jaden Greathouse,WR,3,26,8.7,9,0,ND
443,433,Ayden Williams,WR,2,26,13.0,14,0,MISS
444,433,Trey Goodman,WR,2,26,13.0,14,0,UTEP
445,433,Tre Spivey,WR,2,26,13.0,22,0,KSU
446,433,Jesse Prewitt,WR,2,26,13.0,21,0,IIICMU
447,433,Ted Hurst,WR,2,26,13.0,14,0,GAST
448,449,Tyler Brown,WR,3,25,8.3,16,0,CLEM
449,449,Blair Conwright,WR,1,25,25.0,25,1,UNT
450,449,Jordon Simmons,RB,4,25,6.3,8,0,AKR
451,449,Tyler Savage,TE,1,25,25.0,25,0,ECU
452,449,Kole Taylor,TE,2,25,12.5,25,0,WVU
453,449,Jacolby George,WR,2,25,12.5,23,1,MIA
454,449,Elijah Spencer,WR,2,25,12.5,20,0,MINN
455,449,Quentin Skinner,WR,1,25,25.0,25,0,KU
456,449,Octavian Smith Jr.,WR,2,25,12.5,18,0,MD
457,449,Braylen Walker,WR,2,25,12.5,26,0,RICE
458,449,Cooper Flanagan,TE,2,25,12.5,16,0,ND
459,449,Addison Ostrenga,TE,3,25,8.3,11,0,IOWA
460,449,Re'Shaun Sanford,RB,3,25,8.3,13,0,IIHOU
461,449,Jaylen Poe,RB,2,25,12.5,14,0,NIU
462,449,Jake Norris,TE,2,25,12.5,18,0,NAVY
463,449,Darius Copeland,WR,3,25,8.3,13,0,LIB
464,449,George Dimopoulos,WR,2,25,12.5,14,0,NIU
465,449,Krosse Johnson,WR,2,25,12.5,15,0,ARK
466,467,Winston Wright Jr.,WR,3,24,8.0,10,0,ECU
467,467,Chris Bell,WR,1,24,24.0,24,0,LOU
468,467,LeQuint Allen,RB,4,24,6.0,10,1,SYR
469,467,Nate Frazier,RB,1,24,24.0,24,0,UGA
470,467,Jalen Buckley,RB,1,24,24.0,24,0,WMU
471,467,Makai Jackson,WR,2,24,12.0,15,0,APP
472,467,Elijah Sohn,TE,2,24,12.0,21,0,SHSU
473,467,Josiah McLaurin,RB,1,24,24.0,24,1,MD
474,467,Ashton Cozart,WR,1,24,24.0,24,0,SMU
475,476,Lance LeGendre,WR,2,23,11.5,19,0,UL
476,476,Yulkeith Brown,WR,2,23,11.5,12,1,TULN
477,476,Montorie Foster Jr.,WR,3,23,7.7,16,0,MSU
478,476,Will Sheppard,WR,2,23,11.5,12,0,COLO
479,476,Bryce Bohanon,WR,1,23,23.0,23,0,TULN
480,476,Ty Washington,TE,1,23,23.0,23,1,ARK
481,476,Tyler King,WR,1,23,23.0,23,0,WYO
482,476,Dane Pardridge,WR,1,23,23.0,23,1,NIU
483,476,Zavion Thomas,WR,2,23,11.5,12,0,LSU
484,476,Raylen Sharpe,WR,2,23,11.5,16,1,FRES
485,476,Blake Bosma,TE,2,23,11.5,15,0,WMU
486,476,Matthew Klopfenstein,TE,1,23,23.0,23,0,BAY
487,476,Ryan Manning,WR,2,23,11.5,18,0,MD
488,476,Anthony Eager,WR,1,23,23.0,23,1,USA
489,476,Jadon Porter,WR,2,23,11.5,21,0,BAY
490,476,Caleb Odom,WR,2,23,11.5,15,0,ALA
491,476,Terrell Anderson,WR,2,23,11.5,16,0,NCSU
492,476,Jayden Dixon-Veal,WR,2,23,11.5,14,0,PUR
493,494,LV Bunkley-Shelton,WR,3,22,7.3,14,0,GASO
494,494,Bralon Brown,WR,2,22,11.0,16,1,MRSH
495,494,Pat Conroy,TE,2,22,11.0,15,0,ODU
496,494,Le'Meke Brockington,WR,1,22,22.0,22,0,MINN
497,494,Jamal Haynes,RB,4,22,5.5,16,0,GT
498,494,Kendrick Law,WR,1,22,22.0,22,1,ALA
499,494,Malachi Holt-Bennett,WR,1,22,22.0,22,0,UAB
500,494,Johnny Richardson,RB,1,22,22.0,22,1,UCF
501,494,Riley Nowakowski,TE,2,22,11.0,13,0,WIS
502,494,Michael Harrison,TE,3,22,7.3,9,0,SDSU
503,494,Otto Tia,WR,2,22,11.0,13,0,USU
504,494,Mark Fletcher Jr.,RB,1,22,22.0,22,0,MIA
505,494,Makai Lemon,WR,1,22,22.0,22,0,USC
506,494,Dale Martin,WR,1,22,22.0,22,0,UL
507,494,Casey Reynolds,WR,1,22,22.0,22,0,ARMY
508,494,Cam Schurr,WR,2,22,11.0,17,0,ARMY
509,494,Jordyn Williams,WR,2,22,11.0,17,0,CMU
510,494,Tucker Ashcraft,TE,2,22,11.0,14,0,WIS
511,494,Squirrel White,WR,2,22,11.0,11,0,TENN
512,494,T.J. Harden,RB,5,22,4.4,9,0,UCLA
513,494,Aziah Johnson,WR,1,22,22.0,22,0,MSU
514,515,Mark Redman,TE,1,21,21.0,21,1,LOU
515,515,Thomas Zsiros,WR,2,21,10.5,12,0,TOL
516,515,Miles Davis,RB,1,21,21.0,21,0,BYU
517,515,Drew Biber,TE,3,21,7.0,13,0,PUR
518,515,Jayshon Platt,WR,2,21,10.5,11,1,FAU
519,515,Kyler Kasper,WR,1,21,21.0,21,0,ORE
520,515,Reagan Ealy,WR,2,21,10.5,19,0,ARST
521,515,Marcus Sanders Jr.,WR,2,21,10.5,13,0,GASO
522,515,Joshua Manning,WR,3,21,7.0,16,0,MIZ
523,515,Aiden Calvert,RB,1,21,21.0,21,0,AFA
524,515,Carter Nelson,WR,3,21,7.0,14,0,NEB
525,515,Jekail Middlebrook,RB,2,21,10.5,11,0,MTSU
526,515,Desna Washington,WR,2,21,10.5,13,0,FIU
527,515,Tre Roberson,WR,1,21,21.0,21,0,AFA
528,529,Jack ColdironM-,TE,2,20,10.0,16,0,OH
529,529,Ikaika Ragsdale,RB,3,20,6.7,17,0,UNT
530,529,Caleb Lohner,TE,1,20,20.0,20,1,UTAH
531,529,Anderson Castle,RB,2,20,10.0,15,0,APP
532,529,Nate Noel,RB,4,20,5.0,6,0,MIZ
533,529,Marquis Shoulders,WR,1,20,20.0,20,0,HOU
534,529,Kaytron Allen,RB,1,20,20.0,20,1,PSU
535,529,Ja'Quinden Jackson,RB,2,20,10.0,14,0,ARK
536,529,Andrew Sowinski,WR,2,20,10.0,12,0,PUR
537,529,River Helms,TE,2,20,10.0,16,0,WKU
538,529,Ollie Gordon,RB,3,20,6.7,14,0,IIOKST
539,529,Josh Dallas,WR,3,20,6.7,10,0,GASO
540,529,Ethan Davis,TE,2,20,10.0,16,1,TENN
541,529,Randy Pittman Jr.,TE,1,20,20.0,20,0,UCF
542,529,Jordan Nubin,RB,2,20,10.0,19,0,MINN
543,529,Jacquon Gibson,WR,3,20,6.7,9,0,MASS
544,529,Mikey Matthews,WR,2,20,10.0,13,0,CAL
545,529,Jamari Johnson,TE,2,20,10.0,12,0,LOU
546,529,Ian Strong,WR,2,20,10.0,12,0,RUTG
547,529,Corri Milliner,WR,1,20,20.0,20,0,UAB
548,549,Ulysses Bentley,RB,3,19,6.3,13,0,IVMISS
549,549,A.J. Henning,WR,5,19,3.8,12,0,NU
550,549,Justice Ellison,RB,1,19,19.0,19,0,IU
551,549,Loic Fouonji,WR,1,19,19.0,19,0,VAN
552,549,Antwain Littleton,RB,1,19,19.0,19,0,TEM
553,549,Matthew Hibner,TE,1,19,19.0,19,0,SMU
554,549,Louis Hansen,TE,2,19,9.5,14,0,CONN
555,549,Trevor Wilson,WR,2,19,9.5,14,0,KU
556,549,Marcus Carroll,RB,2,19,9.5,12,0,MIZ
557,549,Samuel Brown,WR,3,19,6.3,8,0,MIA
558,549,CJ Daniels,WR,3,19,6.3,12,0,LSU
559,549,Jonah Coleman,RB,2,19,9.5,15,0,WASH
560,549,Christian Moss,WR,2,19,9.5,10,0,KENN
561,549,Mata'ava Ta'ase,TE,1,19,19.0,19,1,BYU
562,549,Jaiden Credle,RB,3,19,6.3,11,0,MTSU
563,549,Kaleb Webb,WR,2,19,9.5,13,0,TENN
564,549,Kamron Beachem,TE,2,19,9.5,10,0,FRES
565,549,Myles Bailey,RB,2,19,9.5,12,0,CMU
566,549,Micah Gifford,WR,1,19,19.0,19,0,BAY
567,549,Dylan Edwards,RB,2,19,9.5,15,1,KSU
568,549,Sedrick Alexander,RB,2,19,9.5,11,1,VAN
569,549,Nathan Acevedo,WR,2,19,9.5,15,0,FRES
570,549,A.J. Turner,RB,1,19,19.0,19,0,MRSH
571,549,Matthew Coleman,WR,2,19,9.5,11,0,SJSU
572,549,Wyatt Young,WR,2,19,9.5,10,0,UNT
573,549,Josh Aka,WR,2,19,9.5,11,0,MISS
574,549,Ashton Allen,WR,2,19,9.5,10,0,TEM
575,549,Tony Freeman,WR,1,19,19.0,19,0,WSU
576,577,Dominick Mazotti,TE,2,18,9.0,19,0,MASS
577,577,Brandon Buckhaulter,WR,2,18,9.0,19,0,UAB
578,577,TreVeyon Henderson,RB,2,18,9.0,12,0,OSU
579,577,Tre WatsonTA&M,TE,1,18,18.0,18,0,
580,577,Mekhi Miller,WR,1,18,18.0,18,0,MIZ
581,577,Eric Rivers,WR,2,18,9.0,11,0,FIU
582,577,Quintrevion Wisner,RB,1,18,18.0,18,0,TEX
583,577,Bhayshul Tuten,RB,6,18,3.0,11,1,VT
584,577,Carson Goda,TE,1,18,18.0,18,0,ILL
585,577,Antonio Jones,WR,2,18,9.0,11,0,TEM
586,577,Rocky Beers,TE,4,18,4.5,8,1,FIU
587,577,Kenari Wilcher,WR,2,18,9.0,11,0,ILL
588,577,Mazeo Bennett Jr.,WR,2,18,9.0,10,0,SC
589,577,Zy'marion Lang,WR,1,18,18.0,18,1,TOL
590,577,Trey Weary,WR,3,18,6.0,8,0,TENN
591,577,Ethan Conner,TE,3,18,6.0,10,0,TROY
592,593,Billy Lucas,RB,2,17,8.5,13,0,LIB
593,593,Tyler Stephens,TE,2,17,8.5,11,0,MIZ
594,593,Corey Dyches,TE,2,17,8.5,17,0,CAL
595,593,Zeriah Beason,WR,2,17,8.5,11,0,TROY
596,593,Donald Chaney,RB,1,17,17.0,17,0,LOU
597,593,Germie Bernard,WR,1,17,17.0,17,0,ALA
598,593,Omarion Hampton,RB,5,17,3.4,6,0,UNC
599,593,Dakota Twitty,TE,2,17,8.5,12,0,UVA
600,593,Greg Desrosiers Jr.,RB,2,17,8.5,16,0,MEM
601,593,Cam Skattebo,RB,1,17,17.0,17,0,ASU
602,593,Javen Jacobs,RB,4,17,4.3,6,0,UNM
603,593,Star Thomas,RB,1,17,17.0,17,0,DUKE
604,593,Floyd Chalk,RB,1,17,17.0,17,0,IVSJSU
605,593,Tre Stewart,RB,1,17,17.0,17,0,JVST
606,593,Ismael Cisse,WR,3,17,5.7,9,1,STAN
607,593,Rahsul Faison,RB,3,17,5.7,13,0,USU
608,593,Cameron Bates,WR,2,17,8.5,16,0,BOIS
609,610,Ryland Goede,TE,1,16,16.0,16,0,GT
610,610,Brionne Penny,WR,1,16,16.0,16,0,JMU
611,610,Caleb Medford,WR,2,16,8.0,9,1,UNM
612,610,Elijah Young,RB,4,16,4.0,12,0,WKU
613,610,Sam Kenerson,WR,1,16,16.0,16,0,GASO
614,610,Landon Morris,TE,1,16,16.0,16,0,TEM
615,610,Rodney Hill,RB,2,16,8.0,10,0,ARK
616,610,Bryce Kennon,TE,3,16,5.3,6,0,CLT
617,610,Rhett Guidry,TE,1,16,16.0,16,0,UL
618,610,Jamoi Mayes,WR,2,16,8.0,9,0,CIN
619,610,DJ Riles,WR,2,16,8.0,9,0,GAST
620,610,Max Reese,TE,2,16,8.0,11,0,EMU
621,610,Jonathan Brady,WR,1,16,16.0,16,0,CAL
622,610,Shamar Easter,TE,1,16,16.0,16,0,ARK
623,610,Simeon Evans,WR,2,16,8.0,13,0,SHSU
624,610,Andrew McElroy,WR,1,16,16.0,16,0,NIU
625,610,Jesse Watson,WR,1,16,16.0,16,0,PUR
626,610,Chris Durr Jr.,WR,3,16,5.3,10,1,WYO
627,628,Will Nixon,RB,2,15,7.5,9,0,SYR
628,628,Jake Overman,TE,2,15,7.5,9,0,PITT
629,628,Ky Thomas,RB,3,15,5.0,7,0,KENT
630,628,Bryson Nesbit,TE,2,15,7.5,10,0,UNC
631,628,Alante Brown,WR,1,15,15.0,15,0,MSU
632,628,Tyson Mobley,WR,2,15,7.5,8,0,LIB
633,628,Tyler Morris,WR,3,15,5.0,9,0,MICH
634,628,Brenen Thompson,WR,4,15,3.8,6,0,OU
635,628,Evan Stewart,WR,3,15,5.0,7,0,ORE
636,628,Roman Hemby,RB,3,15,5.0,11,0,MD
637,628,Kisean Johnson,WR,2,15,7.5,13,0,WKU
638,628,Freddie Brock,RB,1,15,15.0,15,0,GAST
639,628,Jack Velling,TE,1,15,15.0,15,0,MSU
640,628,Dae'Quan Wright,TE,2,15,7.5,11,1,MISS
641,628,Blake Bohannon,WR,2,15,7.5,10,0,KENN
642,628,Keshawn Brown,WR,2,15,7.5,9,0,MASS
643,628,Easton Messer,WR,3,15,5.0,8,0,WKU
644,628,Zycarl Lewis Jr.,WR,2,15,7.5,9,0,TULN
645,628,Colbie Young,WR,2,15,7.5,8,1,UGA
646,628,Chris Hunter,WR,1,15,15.0,15,0,ARIZ
647,628,Oscar Hammond,TE,2,15,7.5,11,0,UNT
648,628,Petey Tucker,WR,2,15,7.5,8,0,GAST
649,650,John Adams,WR,1,14,14.0,14,0,TEM
650,650,Spencer Curtis,WR,3,14,4.7,9,0,HAW
651,650,Jude Wolfe,TE,3,14,4.7,6,0,SDSU
652,650,Tahj Brooks,RB,3,14,4.7,7,0,TTU
653,650,Jay Ducker,RB,1,14,14.0,14,0,SHSU
654,650,Dylan DowningM-,RB,3,14,4.7,10,0,OH
655,650,Jayden Thomas,WR,1,14,14.0,14,0,ND
656,650,Isaiah Jacobs,RB,3,14,4.7,8,0,UAB
657,650,Francis Sherman,TE,1,14,14.0,14,0,CIN
658,650,Jalen White,RB,4,14,3.5,10,0,GASO
659,650,Broc Lane,TE,2,14,7.0,13,0,USU
660,650,Koali Nishigaya,WR,1,14,14.0,14,0,HAW
661,650,Dallan Hayden,RB,1,14,14.0,14,0,COLO
662,650,Jeremiah Franklin,TE,1,14,14.0,14,0,BC
663,650,Rashod Dubinion,RB,2,14,7.0,11,0,ARK
664,650,Quentin Moore,TE,1,14,14.0,14,0,WASH
665,650,Josh Cameron,WR,1,14,14.0,14,0,BAY
666,650,Cash Jones,RB,2,14,7.0,9,0,UGA
667,650,Ka'Morreun Pimpton,TE,1,14,14.0,14,0,LSU
668,650,Antonio Meeks,WR,2,14,7.0,8,0,LOU
669,650,Jackson Harris,WR,2,14,7.0,11,1,STAN
670,650,Sesi Vailahi,RB,2,14,7.0,8,0,OKST
671,650,Beau Sparks,WR,2,14,7.0,7,0,TXST
672,650,Dane Nauman,RB,1,14,14.0,14,0,TOL
673,674,Evan Pryor,RB,1,13,13.0,13,0,CIN
674,674,Cameron Hite,TE,2,13,6.5,7,0,WAKE
675,674,JJ Jenkins,WR,1,13,13.0,13,0,BUFF
676,674,Da'Quan Felton,WR,2,13,6.5,8,0,VT
677,674,Ali Fisher,WR,1,13,13.0,13,0,KENT
678,674,Le'Veon MossTA&M,RB,2,13,6.5,8,0,
679,674,Nicholas Singleton,RB,1,13,13.0,13,0,PSU
680,674,Holden Staes,TE,2,13,6.5,9,0,TENN
681,674,Matt Lauter,TE,2,13,6.5,8,0,BOIS
682,674,Kevorian Barnes,RB,1,13,13.0,13,0,UTSA
683,674,Ja'Cyais Credle,WR,1,13,13.0,13,0,GAST
684,674,Kahleil Jackson,WR,1,13,13.0,13,0,FLA
685,674,Chris Marshall,WR,2,13,6.5,7,0,BOIS
686,674,Sutton Smith,RB,2,13,6.5,8,0,MEM
687,674,Javon TracyM-,WR,1,13,13.0,13,0,OH
688,674,Kaleb Jackson,RB,2,13,6.5,9,0,LSU
689,674,Charlie Offerdahl,RB,2,13,6.5,7,0,COLO
690,674,Landon Sims,RB,3,13,4.3,10,0,HAW
691,674,Nathan Leacock,WR,1,13,13.0,13,0,TENN
692,674,Chris Dawn Jr.,WR,2,13,6.5,8,0,TXST
693,674,Davion Dozier,WR,1,13,13.0,13,0,ARK
694,674,Nathan Kent,WR,1,13,13.0,13,0,NAVY
695,674,Kordell David,WR,3,13,4.3,13,0,NMSU
696,674,Suderian Harrison,WR,1,13,13.0,13,0,UVA
697,674,Koby Young,WR,2,13,6.5,10,0,HOU
698,674,Shamar Rigby,WR,2,13,6.5,8,0,PUR
699,674,Cam Vaughn,WR,2,13,6.5,8,0,JVST
700,701,Sean Dollars,RB,4,12,3.0,11,0,NEV
701,701,Lexington Joseph,RB,3,12,4.0,10,0,FIU
702,701,Kris Mitchell,WR,1,12,12.0,12,0,ND
703,701,Konner Fox,TE,2,12,6.0,9,0,TXST
704,701,Javon Harvey,WR,1,12,12.0,12,0,DUKE
705,701,Josiah Miamen,TE,2,12,6.0,7,0,FIU
706,701,Henry Parrish Jr.,RB,1,12,12.0,12,0,MISS
707,701,Leshon Williams,RB,2,12,6.0,6,0,IOWA
708,701,Kendall Karr,TE,1,12,12.0,12,0,CCU
709,701,Anthony Sambucci,WR,2,12,6.0,12,0,WMU
710,701,Devin Boddie Jr.,WR,1,12,12.0,12,0,WYO
711,701,Victor Konopka,TE,1,12,12.0,12,0,RUTG
712,701,Zahir Abdus-Salaam,RB,1,12,12.0,12,0,WMU
713,701,Devaughn Mortimer,WR,2,12,6.0,8,0,WMU
714,701,Xavier Guillory,WR,1,12,12.0,12,0,ASU
715,701,Fred Farrier,WR,1,12,12.0,12,0,IIUK
716,701,Kyle Morlock,TE,1,12,12.0,12,0,FSU
717,701,Jonah Wilson,WR,2,12,6.0,9,0,HOU
718,701,Alex Bullock,WR,1,12,12.0,12,0,NEB
719,701,Nazeviah Burris,WR,1,12,12.0,12,0,FIU
720,701,Luke Lindenmeyer,TE,1,12,12.0,12,0,NEB
721,701,Elijah Sarratt,WR,2,12,6.0,7,0,IU
722,701,Nic Trujillo,WR,3,12,4.0,11,0,UNM
723,701,Jordan Faison,WR,2,12,6.0,8,0,ND
724,701,Dayton Sneed,WR,1,12,12.0,12,0,TENN
725,701,Vince Brown,TE,2,12,6.0,12,0,IICSU
726,701,Quin Smith,WR,1,12,12.0,12,0,AFA
727,701,Adam Moore,TE,2,12,6.0,8,0,SMU
728,701,TJ Pride,WR,2,12,6.0,8,0,NMSU
729,730,Jam Griffin,RB,2,11,5.5,7,0,ORST
730,730,Patrick Herbert,TE,2,11,5.5,7,0,ORE
731,730,Noah Smith,WR,2,11,5.5,9,0,SHSU
732,730,Kentrel Bullock,RB,1,11,11.0,11,0,USA
733,730,Chimere Dike,WR,1,11,11.0,11,0,FLA
734,730,Ricky White,WR,2,11,5.5,14,0,IIIUNLV
735,730,Cane Berrong,TE,2,11,5.5,6,0,CCU
736,730,Juan Davis,TE,1,11,11.0,11,0,TEX
737,730,Andre JohnsonM-,WR,1,11,11.0,11,0,OH
738,730,Nick Miles,TE,2,11,5.5,6,0,WYO
739,730,Jaden Nixon,RB,1,11,11.0,11,0,WMU
740,730,Sam Roush,TE,2,11,5.5,6,0,STAN
741,730,Jordan Brown,WR,1,11,11.0,11,0,TTU
742,730,Anthony Simpson,WR,2,11,5.5,10,0,MASS
743,730,Trond Grizzell,WR,1,11,11.0,11,0,CAL
744,730,Keyshaun Pipkin,WR,1,11,11.0,11,1,NIU
745,730,Tiger Bachmeier,WR,2,11,5.5,8,0,STAN
746,730,Trey Cornist,RB,1,11,11.0,11,0,TULN
747,730,Kylan Fox,TE,2,11,5.5,6,0,UCF
748,730,Nick Marsh,WR,1,11,11.0,11,0,MSU
749,730,Roman Mangini,WR,1,11,11.0,11,0,NEB
750,730,Tawee Walker,RB,2,11,5.5,8,0,WIS
751,730,Dallas Payne,TE,1,11,11.0,11,0,UAB
752,730,Bryce Pierre,TE,1,11,11.0,11,0,UCLA
753,730,Desmond Reid,RB,3,11,3.7,6,0,PITT
754,730,Kendrick Bell,WR,1,11,11.0,11,0,MICH
755,730,Joshua Dye,RB,1,11,11.0,11,0,UTEP
756,730,Cody Hagen,WR,1,11,11.0,11,0,BYU
757,758,John Emery Jr.,RB,1,10,10.0,10,0,LSU
758,758,Michel Dukes,RB,2,10,5.0,8,0,GAST
759,758,Kamari Morales,TE,1,10,10.0,10,0,BC
760,758,Jordan Waters,RB,1,10,10.0,10,0,NCSU
761,758,Marquez Cooper,RB,3,10,3.3,9,0,SDSU
762,758,Joshua Simon,TE,1,10,10.0,10,0,SC
763,758,Dacari Collins,WR,2,10,5.0,7,0,NCSU
764,758,Nay'Quan Wright,RB,1,10,10.0,10,0,USF
765,758,Beau Johnson,TE,2,10,5.0,7,1,GASO
766,758,Jackson Hawes,TE,1,10,10.0,10,0,GT
767,758,Raheim Sanders,RB,1,10,10.0,10,0,SC
768,758,Malik Sherrod,RB,2,10,5.0,11,0,FRES
769,758,Emmanuel Henderson Jr.,WR,1,10,10.0,10,0,ALA
770,758,Carter Campbell,WR,1,10,10.0,10,0,SMU
771,758,Savion Red,RB,2,10,5.0,14,0,NEV
772,758,Noah ThomasTA&M,WR,1,10,10.0,10,0,
773,758,William Fowles,WR,1,10,10.0,10,0,APP
774,758,Gavin Freeman,WR,2,10,5.0,6,0,OKST
775,758,Charles Kellom,RB,3,10,3.3,9,0,AKR
776,758,Beni Ngoyi,WR,1,10,10.0,10,0,ISU
777,758,DeSean Bishop,RB,1,10,10.0,10,0,TENN
778,758,Keyjuan Brown,RB,2,10,5.0,7,0,LOU
779,758,Reed Harris,WR,1,10,10.0,10,0,BC
780,758,Alex Tecza,FB,1,10,10.0,10,0,NAVY
781,758,Jacory Barney Jr.,WR,1,10,10.0,10,0,NEB
782,758,Ty Stamey,TE,2,10,5.0,8,0,UL
783,758,Cam Edwards,RB,1,10,10.0,10,0,CONN
784,758,Jediyah Willoughby,WR,1,10,10.0,10,0,TOL
785,758,Micah Ford,RB,2,10,5.0,9,0,STAN
786,787,Aaron Young,RB,2,9,4.5,6,0,ODU
787,787,Cam McCormick,TE,1,9,9.0,9,1,MIA
788,787,Ahmari Huggins-BruceLOU/,WR,1,9,9.0,9,0,SC
789,787,Jontavis Robertson,WR,1,9,9.0,9,0,DUKE
790,787,Jameson Geers,TE,1,9,9.0,9,0,MINN
791,787,Mason Tharp,TE,1,9,9.0,9,0,TTU
792,787,Donaven McCulley,WR,1,9,9.0,9,0,IU
793,787,Josh Hardeman,WR,1,9,9.0,9,0,USF
794,787,Reggie Brown,TE,1,9,9.0,9,0,TULN
795,787,Larry Simmons,WR,1,9,9.0,9,0,USM
796,787,Calvin Johnson,WR,1,9,9.0,9,0,IINU
797,787,Ben Ford,WR,1,9,9.0,9,0,BOIS
798,787,Bryson Rodgers,WR,1,9,9.0,9,0,OSU
799,787,Senika McKie,WR,1,9,9.0,9,1,CCU
800,787,Jacob Barrick,TE,1,9,9.0,9,0,JVST
801,787,Dawson Pendergrass,RB,2,9,4.5,8,0,BAY
802,787,Peyton Jones,RB,1,9,9.0,9,0,DUKE
803,787,Isaac Brown,RB,1,9,9.0,9,0,LOU
804,787,Eli Wood,WR,2,9,4.5,5,0,UVA
805,787,Titus Lyons,TE,1,9,9.0,9,0,TXST
806,787,KJ Duff,WR,1,9,9.0,9,0,RUTG
807,787,Luca Caldarella,WR,1,9,9.0,9,0,UTAH
808,787,Bailey Stockton,WR,1,9,9.0,9,0,GT
809,787,Rahji Dennis,WR,1,9,9.0,9,0,UL
810,787,Brandon Hawkins Jr.,WR,1,9,9.0,9,1,UAB
811,787,Conner Cravaack,TE,1,9,9.0,9,0,AKR
812,787,Luke Hutchison,WR,1,9,9.0,9,0,NAVY
813,787,Andre Davis,WR,1,9,9.0,9,0,KSU
814,815,Lee Witherspoon,RB,2,8,4.0,8,0,UAB
815,815,Patrick Garwo,RB,1,8,8.0,8,0,IIINEV
816,815,Gavin Williams,RB,2,8,4.0,8,0,NIU
817,815,Kejon Owens,RB,1,8,8.0,8,0,FIU
818,815,Kody Epps,WR,2,8,4.0,5,0,BYU
819,815,John Gentry,RB,1,8,8.0,8,0,SHSU
820,815,Rodrigues Clark,RB,2,8,4.0,5,0,USM
821,815,RJ Harvey,RB,1,8,8.0,8,0,UCF
822,815,Billy Riviere,TE,1,8,8.0,8,0,IIIWSU
823,815,Dylan Goffney,WR,1,8,8.0,8,0,CSU
824,815,CJ Dippre,TE,1,8,8.0,8,0,ALA
825,815,Kelan Robinson,WR,1,8,8.0,8,0,ECU
826,815,Jamaal Bell,WR,1,8,8.0,8,0,BAY
827,815,Jacob Coleman,TE,1,8,8.0,8,0,MTSU
828,815,Shawn Miller,WR,1,8,8.0,8,0,UNM
829,815,Robert Lewis,WR,1,8,8.0,8,0,AUB
830,815,Umari Hatcher,WR,1,8,8.0,8,0,SYR
831,815,Grant Page,WR,1,8,8.0,8,0,USU
832,815,DJ Rogers,TE,1,8,8.0,8,0,TCU
833,815,Jasaiah Gathings,WR,1,8,8.0,8,0,CONN
834,815,Kaleb Johnson,RB,1,8,8.0,8,0,IOWA
835,815,Maurice Turner,RB,1,8,8.0,8,0,LOU
836,815,Jeremiah Hasley,TE,2,8,4.0,7,1,DUKE
837,815,Rodney Gallagher,WR,1,8,8.0,8,0,IIIWVU
838,815,Xavier Irvin,WR,1,8,8.0,8,0,TEM
839,815,Victor Rosa,RB,1,8,8.0,8,0,CONN
840,815,Robert Smith,WR,1,8,8.0,8,0,MD
841,815,Karsyn Pupunu,WR,1,8,8.0,8,0,HAW
842,815,Terron Kellman,RB,1,8,8.0,8,0,CLT
843,815,Semaj Morgan,WR,2,8,4.0,8,0,MICH
844,815,Taven Curry,RB,1,8,8.0,8,0,ULM
845,815,Parker Jenkins,RB,2,8,4.0,6,0,HOU
846,815,Cooper Rusk,WR,2,8,4.0,8,0,TOL
847,815,Darrell Gill Jr.,WR,1,8,8.0,8,0,SYR
848,815,Landon Baptiste,WR,1,8,8.0,8,0,UL
849,815,Jake Godfrey,WR,1,8,8.0,8,0,ULM
850,815,Jeremiah Patterson,WR,1,8,8.0,8,0,ARIZ
851,852,Woody Marks,RB,3,7,2.3,5,0,USC
852,852,Sevaughn Clark,RB,1,7,7.0,7,0,TOL
853,852,Diante Vines,WR,4,7,1.8,4,0,ODU
854,852,Keanu Hill,TE,1,7,7.0,7,0,BYU
855,852,Rivaldo Fairweather,TE,1,7,7.0,7,0,AUB
856,852,Jaison Patterson,RB,1,7,7.0,7,0,BGSU
857,852,Julian Gray,WR,1,7,7.0,7,0,LIB
858,852,Lewis Bond,WR,1,7,7.0,7,0,BC
859,852,Joseph Manjack,WR,3,7,2.3,4,1,IVHOU
860,852,Sackett Wood Jr.,TE,1,7,7.0,7,0,UVA
861,852,Jake Johnson,TE,1,7,7.0,7,0,UNC
862,852,Armani Winfield,WR,1,7,7.0,7,0,CSU
863,852,Frank Peasant,RB,1,7,7.0,7,0,MTSU
864,852,Payton Mangrum,WR,1,7,7.0,7,0,SC
865,852,Nate Sullivan Jr.,TE,1,7,7.0,7,0,ULM
866,852,Aidan Laughery,RB,2,7,3.5,7,0,ILL
867,852,Richard Reese,RB,2,7,3.5,5,0,BAY
868,852,Amari Niblack,TE,1,7,7.0,7,0,TEX
869,852,Christian Hamilton,WR,1,7,7.0,7,0,UNC
870,852,Malachi Riley,WR,1,7,7.0,7,0,ARIZ
871,852,Mack Moeller,WR,1,7,7.0,7,0,KU
872,852,Johncarlos Miller,TE,1,7,7.0,7,0,IITTU
873,852,Jeremiah Noga,WR,1,7,7.0,7,0,ORST
874,852,Isaac Schoenfeld,TE,1,7,7.0,7,0,WYO
875,852,Braylon McReynolds,RB,1,7,7.0,7,0,USA
876,852,Jahiem White,RB,2,7,3.5,6,0,WVU
877,852,Dominique Henry,WR,1,7,7.0,7,0,FAU
878,852,Harry Lodge,TE,2,7,3.5,4,0,WAKE
879,852,LJ Martin,RB,1,7,7.0,7,1,BYU
880,852,Manny Covey,RB,1,7,7.0,7,0,CIN
881,852,Collin Dixon,WR,1,7,7.0,7,0,ILL
882,852,Baylin Brooks,WR,1,7,7.0,7,0,SDSU
883,852,Braeden Wisloski,WR,1,7,7.0,7,0,MD
884,852,Kam Davis,RB,1,7,7.0,7,0,FSU
885,852,Jordan Ross,WR,1,7,7.0,7,0,CSU
886,852,Drelon Miller,WR,2,7,3.5,6,0,COLO
887,852,Zion Ragins,WR,1,7,7.0,7,0,OU
888,852,Chas Nimrod,WR,1,7,7.0,7,0,TENN
889,852,Tyler Little,TE,1,7,7.0,7,0,ARST
890,852,Samari Howard,RB,1,7,7.0,7,0,ARMY
891,852,T.J. Moore,WR,1,7,7.0,7,0,CLEM
892,893,Terrell McDonald,TE,1,6,6.0,6,0,UAB
893,893,Jayden Ballard,WR,1,6,6.0,6,0,OSU
894,893,LJ Johnson Jr.,RB,1,6,6.0,6,0,SMU
895,893,Dalevon Campbell,WR,1,6,6.0,6,0,SC
896,893,Nick Kallerup,TE,1,6,6.0,6,0,MINN
897,893,Rahjai Harris,RB,1,6,6.0,6,0,ECU
898,893,Keagan Johnson,WR,1,6,6.0,6,0,KSU
899,893,Justin Lynch,RB,1,6,6.0,6,0,NIU
900,893,Montana Lemonious-Craig,WR,1,6,6.0,6,0,ARIZ
901,893,DJ Thomas-Jones,TE,1,6,6.0,6,0,USA
902,893,Josh Beetham,TE,1,6,6.0,6,0,GT
903,893,Grant Stevens,TE,1,6,6.0,6,0,UCF
904,893,CJ Campbell Jr.,RB,2,6,3.0,4,0,FAU
905,893,DJ Giddens,RB,3,6,2.0,5,0,KSU
906,893,Henry Rutledge,RB,1,6,6.0,6,0,CLT
907,893,Finn Hogan,WR,1,6,6.0,6,0,BGSU
908,893,Kyle Parker,WR,1,6,6.0,6,0,LSU
909,893,Kade Eldridge,TE,1,6,6.0,6,0,USC
910,893,CJ Donaldson Jr.,RB,1,6,6.0,6,0,WVU
911,893,Noah Short,RB,1,6,6.0,6,0,ARMY
912,893,Cade Harris,WR,1,6,6.0,6,0,AFA
913,893,Naquari Rogers,RB,1,6,6.0,6,1,UNM
914,893,Cataurus Hicks,WR,1,6,6.0,6,0,LOU
915,893,Rickey Hunt Jr.,RB,1,6,6.0,6,0,OHIO
916,893,Joshua Porter,WR,1,6,6.0,6,0,USF
917,893,JQ Gray,RB,1,6,6.0,6,0,USM
918,893,Tylor Latham,RB,1,6,6.0,6,0,AFA
919,920,Colby Bowman,WR,1,5,5.0,5,0,USU
920,920,Darwin Barlow,RB,1,5,5.0,5,0,UNC
921,920,Drake Dabney,TE,1,5,5.0,5,0,TCU
922,920,Izayah Cummings,TE,1,5,5.0,5,0,LOU
923,920,Darion Williamson,WR,1,5,5.0,5,0,FSU
924,920,Daniel Carter,RB,1,5,5.0,5,0,PITT
925,920,George Johnson,WR,1,5,5.0,5,0,IIIFAU
926,920,Abdul-Fatai Ibrahim,WR,1,5,5.0,5,0,LT
927,920,Silas Bolden,WR,1,5,5.0,5,1,TEX
928,920,Braydon Bennett,RB,1,5,5.0,5,0,CCU
929,920,Tanner Arkin,TE,1,5,5.0,5,1,ILL
930,920,Bill Jackson,RB,1,5,5.0,5,0,TLSA
931,920,Devin Mockobee,RB,2,5,2.5,3,0,PUR
932,920,Malachi Thomas,RB,1,5,5.0,5,0,VT
933,920,DJ Jones,RB,1,5,5.0,5,0,WYO
934,920,Tyler Neville,TE,1,5,5.0,5,0,UVA
935,920,Deuce Spann,WR,1,5,5.0,5,0,FSU
936,920,K.D. Hutchinson,WR,2,5,2.5,5,0,WKU
937,920,Jaquez Moore,RB,1,5,5.0,5,0,DUKE
938,920,Emmett Johnson,RB,1,5,5.0,5,0,NEB
939,920,Lamar Seymore,WR,1,5,5.0,5,0,PITT
940,920,Israel Polk,WR,1,5,5.0,5,0,AKR
941,920,Barry Jackson Jr.,WR,1,5,5.0,5,0,CIN
942,920,JeyQuan Smith,WR,1,5,5.0,5,0,USF
943,920,Caleb Gossett,WR,1,5,5.0,5,0,OHIO
944,920,Bryant Wesco Jr.,WR,1,5,5.0,5,0,CLEM
945,920,Hunter Summers,WR,1,5,5.0,5,0,ARST
946,920,Olsen Patt-Henry,TE,1,5,5.0,5,0,CLEM
947,920,Marcus Vinson,TE,1,5,5.0,5,0,UTEP
948,920,Kade Frew,RB,1,5,5.0,5,0,AFA
949,920,Kyle Koch,WR,1,5,5.0,5,0,UNT
950,920,Samario Rudolph,WR,1,5,5.0,5,0,JVST
951,952,Jarrad Baker,WR,1,4,4.0,4,0,UCF
952,952,Dalvin Smith,WR,2,4,2.0,2,0,WKU
953,952,Malik Hornsby,WR,1,4,4.0,4,0,ARST
954,952,Chris Long,WR,1,4,4.0,4,0,RUTG
955,952,Money Parks,WR,1,4,4.0,4,0,UTAH
956,952,Doug Emilien,WR,1,4,4.0,4,1,KU
957,952,Trevor Kardell,TE,1,4,4.0,4,0,KU
958,952,Stacy Sneed,RB,1,4,4.0,4,0,HOU
959,952,Jayden Harrison,WR,2,4,2.0,6,0,ND
960,952,Kyle Maxwell,WR,1,4,4.0,4,0,WSU
961,952,Andrel Anthony,WR,1,4,4.0,4,0,OU
962,952,Peter Montini,TE,1,4,4.0,4,0,CSU
963,952,Tahj Bullock,QB,2,4,2.0,5,0,AKR
964,952,Jaleel Skinner,TE,1,4,4.0,4,0,LOU
965,952,Bryce Childress,WR,1,4,4.0,4,0,WKU
966,952,Arlis Boardingham,TE,1,4,4.0,4,0,FLA
967,952,Branson Robinson,RB,2,4,2.0,9,0,UGA
968,952,Xavier Townsend,WR,1,4,4.0,4,0,UCF
969,952,Major Everhart,WR,1,4,4.0,4,0,TCU
970,952,Bryce Duke,RB,1,4,4.0,4,0,ODU
971,952,Jace Wilson,WR,1,4,4.0,4,0,UTSA
972,952,Brett Norfleet,TE,1,4,4.0,4,0,MIZ
973,952,Josh Cuevas,TE,1,4,4.0,4,0,ALA
974,952,Kye Robichaux,RB,1,4,4.0,4,1,BC
975,952,Ashton Jeanty,RB,3,4,1.3,6,0,BOIS
976,952,Durell Robinson,RB,2,4,2.0,4,0,CONN
977,952,Justius Lowe,WR,1,4,4.0,4,0,ORE
978,952,Quinten Joyner,RB,1,4,4.0,4,0,USC
979,952,CJ Hester,RB,2,4,2.0,6,0,MASS
980,952,Taeshaun Lyons,WR,1,4,4.0,4,0,UTAH
981,952,Michael Smith,TE,2,4,2.0,7,0,SC
982,952,Keegan Holles,RB,1,4,4.0,4,0,CSU
983,952,L.T. Sanders,RB,1,4,4.0,4,0,WKU
984,952,Yamir Knight,WR,1,4,4.0,4,0,JMU
985,952,Keelan Smith,WR,1,4,4.0,4,0,NEB
986,952,Jamari Ferrell,RB,1,4,4.0,4,0,WYO
987,952,Donerio Davenport,RB,1,4,4.0,4,0,LT
988,952,Branden Ganashamoorthy,WR,1,4,4.0,4,0,WSU
989,952,Mario Anderson,RB,1,4,4.0,4,0,MEM
990,952,Kris Hughes,WR,2,4,2.0,4,0,LOU
991,992,Chez Mellusi,RB,1,3,3.0,3,0,WIS
992,992,Keegan Jones,RB,1,3,3.0,3,0,UCLA
993,992,Armoni Goodwin,RB,1,3,3.0,3,0,UAB
994,992,Josh Williams,RB,1,3,3.0,3,0,LSU
995,992,Miki Suguturaga,TE,1,3,3.0,3,0,UTAH
996,992,Tyler Purdy,RB,1,3,3.0,3,0,JMU
997,992,Jordan Dingle,TE,2,3,1.5,5,1,UK
998,992,Treylan Davis,TE,1,3,3.0,3,0,WVU
999,992,Josh McCray,RB,1,3,3.0,3,0,ILL
1000,992,Zuberi Mobley,RB,1,3,3.0,3,0,FAU
1001,992,Jaylon Jackson,RB,1,3,3.0,3,0,ISU
1002,992,Anthony Tyus,RB,2,3,1.5,6,0,IIIOHIO
1003,992,Manny Stevenson Jr.,TE,1,3,3.0,3,0,ARST
1004,992,Rodney Harris,WR,1,3,3.0,3,0,IIOHIO
1005,992,Chedon James,WR,1,3,3.0,3,0,FRES
1006,992,Jeremiyah Love,RB,1,3,3.0,3,0,ND
1007,992,Creed Whittemore,WR,1,3,3.0,3,0,MSST
1008,992,Bryce Damous,TE,1,3,3.0,3,0,UAB
1009,992,Cam Cook,RB,1,3,3.0,3,0,TCU
1010,992,George Burhenn,TE,1,3,3.0,3,0,PUR
1011,992,Luke McGary,TE,1,3,3.0,3,0,TLSA
1012,992,Elijah Boyd,TE,1,3,3.0,3,0,BGSU
1013,992,Ashton Nickelberry,WR,1,3,3.0,3,0,UTEP
1014,1015,Bentley Hanshaw,TE,1,2,2.0,2,1,LIB
1015,1015,Juwaun Price,RB,1,2,2.0,2,0,UNT
1016,1015,Keyvone Lee,RB,1,2,2.0,2,0,MSST
1017,1015,Chris Toudle,TE,1,2,2.0,2,0,WMU
1018,1015,Blake Nowell,WR,1,2,2.0,2,0,TCU
1019,1015,B.J. Harris,RB,1,2,2.0,2,0,CMU
1020,1015,Nate McCollum,WR,1,2,2.0,2,0,UNC
1021,1015,Justin Ball,TE,1,2,2.0,2,0,MSST
1022,1015,Christian Leary,WR,1,2,2.0,2,0,GT
1023,1015,Trent Howland,RB,1,2,2.0,2,0,OKST
1024,1015,O'Mega Blake,WR,1,2,2.0,2,0,CLT
1025,1015,Tyson Thompson,WR,1,2,2.0,2,0,RICE
1026,1015,Ethan Payne,RB,1,2,2.0,2,0,MRSH
1027,1015,Hank Beatty,WR,2,2,1.0,3,0,ILL
1028,1015,Jeremiah Cobb,RB,1,2,2.0,2,0,AUB
1029,1015,Zylan Perry,RB,1,2,2.0,2,0,UL
1030,1015,Nolan Ray,RB,1,2,2.0,2,0,MD
1031,1015,Ivan Carreon,WR,1,2,2.0,2,0,OU
1032,1015,Vaughn Blue,RB,1,2,2.0,2,0,LIB
1033,1015,Paul Davis,WR,1,2,2.0,2,0,AKR
1034,1015,Jarvis Rush,WR,1,2,2.0,2,0,AKR
1035,1036,Jackson Acker,RB,1,1,1.0,1,0,WIS
1036,1036,Sol-Jay Maiava-Peters,RB,1,1,1.0,1,0,UNM
1037,1036,Zak Wallace,RB,1,1,1.0,1,0,ARST
1038,1036,Thomas Fidone,TE,3,1,0.3,2,0,IINEB
1039,1036,Jake Clemons,TE,1,1,1.0,1,0,CLT
1040,1036,Montrell Johnson Jr.,RB,1,1,1.0,1,0,FLA
1041,1036,Cristian Driver,WR,1,1,1.0,1,0,MINN
1042,1036,Shaleak Knotts,WR,1,1,1.0,1,0,MD
1043,1036,Jordan McCants,WR,1,1,1.0,1,0,JVST
1044,1036,Cole Turner,WR,1,1,1.0,1,0,CLEM
1045,1036,Justin Marshall,RB,1,1,1.0,1,0,CSU
1046,1036,Jordan Lyle,RB,1,1,1.0,1,0,MIA
1047,1036,Anwar Lewis,RB,1,1,1.0,1,0,JVST
1048,1036,Dalton Carnes,WR,1,1,1.0,1,0,UNT
1049,1050,Ethan Hall,TE,1,-1,-1.0,-1,0,TLSA
1050,1050,Nate Carter,RB,1,-1,-1.0,0,0,MSU
1051,1050,OJ Arnold,RB,1,-1,-1.0,0,0,GASO
1052,1050,Kendrick Raphael,RB,2,-1,-0.5,2,0,NCSU
1053,1050,Anthony Carrie,RB,1,-1,-1.0,0,0,GT
1054,1050,Chris Barnes,WR,1,-1,-1.0,-1,0,WSU
1055,1050,Mark-Anthony Scott Jr.,RB,1,-1,-1.0,-1,0,BUFF
1056,1057,Chris Carpenter,WR,1,-2,-2.0,0,0,UTSA
1057,1057,Cameron Seldon,RB,1,-2,-2.0,0,0,TENN
1058,1057,Ryan Niblett,WR,1,-2,-2.0,0,0,TEX
1059,1057,Joquez Smith,RB,1,-2,-2.0,0,0,TEM
1060,1057,Jordan Lovett,RB,2,-2,-1.0,1,0,TROY
1061,1062,Phil Mafah,RB,2,-3,-1.5,2,0,CLEM
1062,1062,Elijah Gilliam,RB,1,-3,-3.0,0,0,FRES
1063,1062,Tiaquelin Mims,WR,2,-3,-1.5,-1,0,USM
1064,1062,Que'Sean Brown,WR,1,-3,-3.0,-3,0,DUKE
1065,1066,Dontae McMillan,RB,1,-5,-5.0,0,0,EMU
1066,1067,Braylon Burnside,WR,1,-6,-6.0,-6,0,MSST
1067,1068,TJ Finley,QB,1,-7,-7.0,0,0,WKU
