,RK,Name,POS,RUSH,REC,RET,TD,FG,XP,2PT,PTS,PTS/G,Team
0,1,Ashton Jeanty,RB,6,0,0,6,0,0,0,36,36.0,BOIS
1,2,Tetairoa McMillan,WR,0,4,0,4,0,0,0,24,24.0,ARIZ
2,3,Brant Kuithe,TE,0,3,0,3,0,0,0,18,18.0,UTAH
3,3,Athan Kaliakmanis,QB,0,0,0,3,0,0,0,18,18.0,RUTG
4,3,Terion Stewart,RB,3,0,0,3,0,0,0,18,18.0,BGSU
5,3,Trebor Pena,WR,1,2,0,3,0,0,0,18,18.0,SYR
6,3,Brashard Smith,RB,3,0,0,3,0,0,0,18,9.0,SMU
7,3,Jalen White,RB,3,0,0,3,0,0,0,18,18.0,GASO
8,3,Jamal Haynes,RB,3,0,0,3,0,0,0,18,9.0,GT
9,3,Deion Burks,WR,0,3,0,3,0,0,0,18,18.0,OU
10,3,Travis Hunter,ATH,0,3,0,3,0,0,0,18,18.0,COLO
11,3,Quali Conley,RB,3,0,0,3,0,0,0,18,18.0,ARIZ
12,3,Jonah Coleman,RB,3,0,0,3,0,0,0,18,18.0,WASH
13,3,Ollie Gordon,RB,3,0,0,3,0,0,0,18,18.0,IIOKST
14,3,Kevin Concepcion,WR,0,3,0,3,0,0,0,18,18.0,NCSU
15,3,Dylan Sampson,RB,3,0,0,3,0,0,0,18,18.0,TENN
16,3,Devon Dampier,QB,3,0,0,3,0,0,0,18,9.0,UNM
17,18,Caden Davis,PK,0,0,0,0,2,10,0,16,16.0,MISS
18,19,Tyler Keltner,PK,0,0,0,0,3,6,0,15,15.0,OU
19,19,Blake Craig,PK,0,0,0,0,3,6,0,15,15.0,MIZ
20,21,Ryan Fitzgerald,PK,0,0,0,0,4,2,0,14,7.0,FSU
21,21,Logan Ward,PK,0,0,0,0,3,5,0,14,14.0,OKST
22,21,Eli Heidenreich,RB,0,2,0,2,0,0,1,14,14.0,NAVY
23,21,Luke Drzewiecki,PK,0,0,0,0,2,8,0,14,7.0,UNM
24,21,Collin Rogers,PK,0,0,0,0,3,5,0,14,7.0,SMU
25,26,Ben Sauls,PK,0,0,0,0,2,7,0,13,13.0,PITT
26,26,Noah Burnette,PK,0,0,0,0,4,1,0,13,13.0,UNC
27,26,Tyler Loop,PK,0,0,0,0,2,7,0,13,13.0,ARIZ
28,26,Kade Hensley,PK,0,0,0,0,2,7,0,13,13.0,CCU
29,26,Jack Howes,PK,0,0,0,0,3,4,0,13,13.0,MD
30,26,Colton Boomer,PK,0,0,0,0,2,7,0,13,13.0,UCF
31,26,Max Gilbert,PK,0,0,0,0,2,7,0,13,13.0,TENN
32,26,Towns McGough,PK,0,0,0,0,1,10,0,13,13.0,AUB
33,34,Ty Son Lawton,RB,2,0,0,2,0,0,0,12,12.0,IU
34,34,Kelley Joiner,RB,2,0,0,2,0,0,0,12,12.0,USF
35,34,Jacquez Stuart,RB,2,0,0,2,0,0,0,12,12.0,TOL
36,34,Damon Ward Jr.,WR,0,2,0,2,0,0,0,12,12.0,UNT
37,34,Jordan Waters,RB,2,0,0,2,0,0,0,12,12.0,NCSU
38,34,Woody Marks,RB,2,0,0,2,0,0,0,12,12.0,USC
39,34,Patrick Garwo,RB,2,0,0,2,0,0,0,12,12.0,IIINEV
40,34,Jam Griffin,RB,2,0,0,2,0,0,0,12,12.0,ORST
41,34,Marquez Cooper,RB,2,0,0,2,0,0,0,12,12.0,SDSU
42,34,KeAndre Lambert-Smith,WR,0,2,0,2,0,0,0,12,12.0,AUB
43,34,Jadon Thompson,WR,0,2,0,2,0,0,0,12,12.0,LOU
44,34,Taylen Green,QB,2,0,0,2,0,0,0,12,12.0,ARK
45,34,Brock Travelstead,PK,0,0,0,0,2,6,0,12,12.0,LOU
46,34,Elijah Metcalf,WR,0,2,0,2,0,0,0,12,12.0,MRSH
47,34,Joey Hobert,WR,0,2,0,2,0,0,0,12,12.0,TXST
48,34,Jalen Milroe,QB,2,0,0,2,0,0,0,12,12.0,ALA
49,34,Ty Thompson,QB,2,0,0,2,0,0,0,12,12.0,TULN
50,34,Dont'e Thornton Jr.,WR,0,2,0,2,0,0,0,12,12.0,TENN
51,34,Trayvon Rudolph,WR,1,1,0,2,0,0,0,12,12.0,NIU
52,34,Tai Felton,WR,0,2,0,2,0,0,0,12,12.0,MD
53,34,Garrett Nussmeier,QB,0,0,0,2,0,0,0,12,12.0,LSU
54,34,RJ Harvey,RB,2,0,0,2,0,0,0,12,12.0,UCF
55,34,Nick Nash,WR,0,2,0,2,0,0,0,12,12.0,SJSU
56,34,Zak Wallace,RB,2,0,0,2,0,0,0,12,12.0,ARST
57,34,Solomon Davis,WR,0,2,0,2,0,0,0,12,12.0,CMU
58,34,Kyrese White,WR,0,2,0,2,0,0,0,12,12.0,USU
59,34,Tristan Mattson,PK,0,0,0,0,1,9,0,12,12.0,CMU
60,34,Gabe Ervin Jr.,RB,2,0,0,2,0,0,0,12,12.0,NEB
61,34,Pat Bryant,WR,0,2,0,2,0,0,0,12,12.0,ILL
62,34,Tez Johnson,WR,0,2,0,2,0,0,0,12,12.0,ORE
63,34,Braydon Bennett,RB,2,0,0,2,0,0,0,12,12.0,CCU
64,34,Kyle Williams,WR,0,2,0,2,0,0,0,12,12.0,WSU
65,34,Myles Montgomery,RB,1,1,0,2,0,0,0,12,12.0,UCF
66,34,Devin Neal,RB,2,0,0,2,0,0,0,12,12.0,KU
67,34,Kamdyn Benjamin,WR,0,1,1,2,0,0,0,12,12.0,TLSA
68,34,Anthony Hankerson,RB,2,0,0,2,0,0,0,12,12.0,ORST
69,34,Jaydn Ott,RB,2,0,0,2,0,0,0,12,12.0,CAL
70,34,George Pettaway,RB,1,1,0,2,0,0,0,12,12.0,JMU
71,34,Seth McGowan,RB,2,0,0,2,0,0,0,12,12.0,NMSU
72,34,Frank Peasant,RB,2,0,0,2,0,0,0,12,12.0,MTSU
73,34,Tre Harris,WR,0,2,0,2,0,0,0,12,12.0,MISS
74,34,Ja'Quinden Jackson,RB,2,0,0,2,0,0,0,12,12.0,ARK
75,34,Elliott Nimrod,PK,0,0,0,0,3,3,0,12,12.0,USU
76,34,Chandler Morris,QB,2,0,0,2,0,0,0,12,12.0,UNT
77,34,Jace Henry,TE,0,2,0,2,0,0,0,12,6.0,NEV
78,34,Barion Brown,WR,0,2,0,2,0,0,0,12,12.0,UK
79,34,Harrison Wallace,WR,0,2,0,2,0,0,0,12,12.0,IIIPSU
80,34,Matthew Golden,WR,0,2,0,2,0,0,0,12,12.0,TEX
81,34,Anthony Tyus,RB,2,0,0,2,0,0,0,12,12.0,IIIOHIO
82,34,Brayden Schager,QB,2,0,0,2,0,0,0,12,6.0,HAW
83,34,Kaleb Johnson,RB,2,0,0,2,0,0,0,12,12.0,IOWA
84,34,Mark Fletcher Jr.,RB,2,0,0,2,0,0,0,12,12.0,MIA
85,34,Matt Jones,RB,2,0,0,2,0,0,0,12,12.0,MISS
86,34,Myles Bailey,RB,2,0,0,2,0,0,0,12,12.0,CMU
87,34,Raphael Williams Jr.,WR,0,2,0,2,0,0,0,12,12.0,PITT
88,34,Bryson Daily,QB,2,0,0,2,0,0,0,12,12.0,ARMY
89,34,Kye Robichaux,RB,1,1,0,2,0,0,0,12,12.0,BC
90,34,Bhayshul Tuten,RB,1,1,0,2,0,0,0,12,12.0,VT
91,34,Brendan Sorsby,QB,2,0,0,2,0,0,0,12,12.0,CIN
92,34,Coy Eakin,WR,0,2,0,2,0,0,0,12,12.0,TTU
93,34,Connor Vaughn,TE,0,2,0,2,0,0,0,12,12.0,TLSA
94,34,LJ Martin,RB,1,1,0,2,0,0,0,12,12.0,BYU
95,34,Dylan Edwards,RB,1,1,0,2,0,0,0,12,12.0,KSU
96,34,Dijon Stanley,RB,0,2,0,2,0,0,0,12,12.0,UTAH
97,34,Sedrick Alexander,RB,1,1,0,2,0,0,0,12,12.0,VAN
98,34,Devin McCuin,WR,0,2,0,2,0,0,0,12,12.0,UTSA
99,34,Malcolm Simmons,WR,0,1,1,2,0,0,0,12,12.0,AUB
100,34,Jeremiah Smith,WR,0,2,0,2,0,0,0,12,12.0,OSU
101,34,Dominic Zvada,PK,0,0,0,0,3,3,0,12,12.0,MICH
102,34,Jalen Buckley,RB,2,0,0,2,0,0,0,12,12.0,WMU
103,34,Cade Harris,WR,2,0,0,2,0,0,0,12,12.0,AFA
104,34,Ian Hershey,PK,0,0,0,0,2,6,0,12,12.0,ASU
105,34,Desmond Reid,RB,1,0,1,2,0,0,0,12,12.0,PITT
106,34,Floyd Chalk,RB,2,0,0,2,0,0,0,12,12.0,IVSJSU
107,34,Lee Beebe Jr.,RB,2,0,0,2,0,0,0,12,12.0,UAB
108,34,Reece Vander Zee,WR,0,2,0,2,0,0,0,12,12.0,IOWA
109,34,Ryan Williams,WR,0,2,0,2,0,0,0,12,12.0,ALA
110,34,Sire Gaines,RB,1,1,0,2,0,0,0,12,12.0,BOIS
111,34,Kanye Udoh,RB,2,0,0,2,0,0,0,12,12.0,ARMY
112,34,Joey Aguilar,QB,2,0,0,2,0,0,0,12,12.0,APP
113,34,Mario Anderson,RB,2,0,0,2,0,0,0,12,12.0,MEM
114,34,Jacob De Jesus,WR,0,2,0,2,0,0,0,12,12.0,UNLV
115,34,Kansei Matsuzawa,PK,0,0,0,0,2,6,0,12,6.0,HAW
116,34,Desirrio Riles,TE,0,2,0,2,0,0,0,12,12.0,ECU
117,34,Wayshawn Parker,RB,1,1,0,2,0,0,0,12,12.0,WSU
118,119,Alex Herrera,PK,0,0,0,0,3,2,0,11,11.0,SC
119,119,Andres Borregales,PK,0,0,0,0,2,5,0,11,11.0,MIA
120,119,Mitch Jeter,PK,0,0,0,0,3,2,0,11,11.0,ND
121,119,Chris Tennant,PK,0,0,0,0,2,5,0,11,11.0,KSU
122,119,Aidan Birr,PK,0,0,0,0,1,8,0,11,5.5,GT
123,119,Will Ferrin,PK,0,0,0,0,2,5,0,11,11.0,BYU
124,119,Colin Karhu,PK,0,0,0,0,2,5,0,11,11.0,LIB
125,119,Jonah Delange,PK,0,0,0,0,2,5,0,11,11.0,UAB
126,127,LJ Johnson Jr.,RB,1,0,0,1,0,0,2,10,5.0,SMU
127,127,Kyle Ramsey,PK,0,0,0,0,0,10,0,10,10.0,ARK
128,127,Jacob Barnes,PK,0,0,0,0,1,7,0,10,10.0,TULN
129,127,John Cannon,PK,0,0,0,0,2,4,0,10,10.0,USF
130,127,Caden Costa,PK,0,0,0,0,2,4,0,10,10.0,MEM
131,127,Will Bettridge,PK,0,0,0,0,2,4,0,10,10.0,UVA
132,127,Christian Pavon,PK,0,0,0,0,2,4,0,10,10.0,SHSU
133,127,Bert Auburn,PK,0,0,0,0,1,7,0,10,10.0,TEX
134,127,Peyton Woodring,PK,0,0,0,0,2,4,0,10,10.0,UGA
135,127,Drew Stevens,PK,0,0,0,0,2,4,0,10,10.0,IOWA
136,127,Jayden Fielding,PK,0,0,0,0,1,7,0,10,10.0,OSU
137,127,Austin Welch,PK,0,0,0,0,3,1,0,10,10.0,KENN
138,127,Brock Taylor,PK,0,0,0,0,2,4,0,10,10.0,VAN
139,127,Gianni Spetic,PK,0,0,0,0,3,1,0,10,10.0,OHIO
140,127,Clune Van Andel,PK,0,0,0,0,2,4,0,10,10.0,ARST
141,127,Kyle Lemmermann,PK,0,0,0,0,2,4,0,10,10.0,TCU
142,127,Kali Nguma,PK,0,0,0,0,1,7,0,10,10.0,UNT
143,144,Michael Lantz,PK,0,0,0,0,2,3,0,9,9.0,USC
144,144,Matthew Dennis,PK,0,0,0,0,1,6,0,9,9.0,WAKE
145,144,Emmet Kenney,PK,0,0,0,0,2,3,0,9,9.0,STAN
146,144,John Love,PK,0,0,0,0,2,3,0,9,9.0,VT
147,144,David Olano,PK,0,0,0,0,1,6,0,9,9.0,ILL
148,144,Rece Verhoff,PK,0,0,0,0,1,6,0,9,9.0,MRSH
149,144,Garrison Rippa,PK,0,0,0,0,2,3,0,9,9.0,JVST
150,144,Mateen Bhaghani,PK,0,0,0,0,3,0,0,9,9.0,UCLA
151,144,Caden Chittenden,PK,0,0,0,0,2,3,0,9,9.0,UNLV
152,153,Anthony Booker Jr.,DT,0,0,1,1,0,0,0,8,4.0,SMU
153,153,Dean Janikowski,PK,0,0,0,0,0,8,0,8,8.0,WSU
154,153,Everett Hayes,PK,0,0,0,0,1,5,0,8,8.0,ORST
155,153,Gino Garcia,PK,0,0,0,0,2,2,0,8,8.0,TTU
156,153,Matthew Killam,PK,0,0,0,0,1,5,0,8,4.0,NEV
157,153,JC French,QB,1,0,0,1,0,0,1,8,8.0,GASO
158,153,Jalin Conyers,TE,0,1,0,1,0,0,1,8,8.0,TTU
159,153,Michael Hughes,PK,0,0,0,0,1,5,0,8,8.0,APP
160,153,Seth Morgan,PK,0,0,0,0,0,8,0,8,8.0,TLSA
161,153,Carter Brown,PK,0,0,0,0,1,5,0,8,8.0,CIN
162,153,Laith Marjan,PK,0,0,0,0,2,2,0,8,8.0,USA
163,153,Scott Taylor Renfroe,PK,0,0,0,0,2,2,0,8,8.0,TROY
164,153,Isaiah Hankins,PK,0,0,0,0,1,5,0,8,8.0,BAY
165,153,Mason Shipley,PK,0,0,0,0,2,2,0,8,8.0,TXST
166,153,Damian Ramos,PK,0,0,0,0,2,2,0,8,8.0,LSU
167,153,Jai Patel,PK,0,0,0,0,1,5,0,8,8.0,RUTG
168,153,Nathanial Vakos,PK,0,0,0,0,2,2,0,8,8.0,WIS
169,153,Brady Denaburg,PK,0,0,0,0,1,5,0,8,8.0,SYR
170,153,Kanoah Vinesett,PK,0,0,0,0,1,5,0,8,8.0,NCSU
171,153,Tristan Alvano,PK,0,0,0,0,1,5,0,8,8.0,NEB
172,153,Kyle Ferrie,PK,0,0,0,0,0,8,0,8,8.0,MSST
173,153,Todd Pelino,PK,0,0,0,0,2,2,0,8,8.0,DUKE
174,175,Kenneth Almendares,PK,0,0,0,0,1,4,0,7,7.0,UL
175,175,Jack Olsen,PK,0,0,0,0,2,1,0,7,7.0,NU
176,175,Alex Raynor,PK,0,0,0,0,1,4,0,7,7.0,UK
177,175,Ryan Coe,PK,0,0,0,0,1,4,0,7,7.0,CAL
178,175,Gavin Stewart,PK,0,0,0,0,1,4,0,7,7.0,GASO
179,175,Abraham Montano,PK,0,0,0,0,2,1,0,7,7.0,NMSU
180,175,Randy BondTA&M,PK,0,0,0,0,2,1,0,7,7.0,
181,175,Graham Nicholson,PK,0,0,0,0,0,7,0,7,7.0,ALA
182,175,Ethan Sanchez,PK,0,0,0,0,2,1,0,7,7.0,ODU
183,175,Alejandro Mata,PK,0,0,0,0,1,4,0,7,7.0,COLO
184,175,Nicolas Radicic,PK,0,0,0,0,1,4,0,7,7.0,IU
185,175,Spencer Porath,PK,0,0,0,0,0,7,0,7,7.0,PUR
186,187,Cam McCormick,TE,0,1,0,1,0,0,0,6,6.0,MIA
187,187,Bentley Hanshaw,TE,0,1,0,1,0,0,0,6,6.0,LIB
188,187,Anthony Torres,TE,0,1,0,1,0,0,0,6,6.0,TOL
189,187,Chez Mellusi,RB,1,0,0,1,0,0,0,6,6.0,WIS
190,187,Connor Bazelak,QB,1,0,0,1,0,0,0,6,6.0,BGSU
191,187,Marcus Major,RB,1,0,0,1,0,0,0,6,6.0,MINN
192,187,Ife Adeyi,WR,0,1,0,1,0,0,0,6,6.0,SHSU
193,187,Kay'Ron Lynch-Adams,RB,1,0,0,1,0,0,0,6,6.0,MSU
194,187,Stephan Bracey Jr.,WR,0,0,1,1,0,0,0,6,6.0,CMU
195,187,Michael Brown-Stephens,WR,0,1,0,1,0,0,0,6,6.0,USF
196,187,Oscar Cardenas,TE,0,1,0,1,0,0,0,6,6.0,UTSA
197,187,Blair Conwright,WR,0,1,0,1,0,0,0,6,6.0,UNT
198,187,Dequan Finn,QB,1,0,0,1,0,0,0,6,6.0,BAY
199,187,Gerald Green,RB,1,0,0,1,0,0,0,6,6.0,TROY
200,187,Ali Jennings,WR,0,1,0,1,0,0,0,6,6.0,VT
201,187,Casey Kelly,TE,0,1,0,1,0,0,0,6,6.0,ECU
202,187,Justin Lockhart,WR,0,1,0,1,0,0,0,6,6.0,SJSU
203,187,Billy Lucas,RB,1,0,0,1,0,0,0,6,6.0,LIB
204,187,Delbert Mimms,RB,1,0,0,1,0,0,0,6,6.0,IIIEMU
205,187,Isaiah Neyor,WR,0,1,0,1,0,0,0,6,6.0,NEB
206,187,JP Purvis,LB,0,0,1,1,0,0,0,6,6.0,MSST
207,187,Treon Sibley,WR,0,1,0,1,0,0,0,6,6.0,LIB
208,187,Treshaun Ward,RB,0,1,0,1,0,0,0,6,6.0,BC
209,187,Haynes King,QB,1,0,0,1,0,0,0,6,6.0,GT
210,187,Lawrance Toafili,RB,1,0,0,1,0,0,0,6,6.0,FSU
211,187,Lathan Ransom,S,0,0,1,1,0,0,0,6,6.0,OSU
212,187,Peny Boone,RB,1,0,0,1,0,0,0,6,6.0,UCF
213,187,Tahj Brooks,RB,1,0,0,1,0,0,0,6,6.0,TTU
214,187,Tyrone Broden,WR,0,1,0,1,0,0,0,6,6.0,ARK
215,187,DeCarlos Brooks,RB,1,0,0,1,0,0,0,6,6.0,ASU
216,187,Brady Cook,QB,1,0,0,1,0,0,0,6,6.0,MIZ
217,187,Quinton Cooley,RB,1,0,0,1,0,0,0,6,6.0,LIB
218,187,Kobie Campbell,WR,0,1,0,1,0,0,0,6,6.0,RICE
219,187,Kris Hutson,WR,0,1,0,1,0,0,0,6,6.0,WSU
220,187,Anthony Landphere,TE,0,1,0,1,0,0,0,6,6.0,MEM
221,187,Jerjuan Newton,WR,0,1,0,1,0,0,0,6,6.0,TOL
222,187,Eli Pancol,WR,0,1,0,1,0,0,0,6,6.0,DUKE
223,187,TJ Sheffield,WR,0,1,0,1,0,0,0,6,6.0,CONN
224,187,Rashod Owens,WR,0,1,0,1,0,0,0,6,6.0,OKST
225,187,Payton Thorne,QB,1,0,0,1,0,0,0,6,6.0,AUB
226,187,Kentron Poitier,WR,0,1,0,1,0,0,0,6,6.0,FSU
227,187,Ikaika Ragsdale,RB,1,0,0,1,0,0,0,6,6.0,UNT
228,187,Xzavier Henderson,WR,0,1,0,1,0,0,0,6,6.0,CIN
229,187,JJ Pegues,DT,1,0,0,1,0,0,0,6,6.0,MISS
230,187,Christian Fitzpatrick,WR,0,1,0,1,0,0,0,6,6.0,MRSH
231,187,Eli Wilson,TE,0,1,0,1,0,0,0,6,6.0,APP
232,187,Jimmy Holiday,WR,1,0,0,1,0,0,0,6,6.0,LT
233,187,Taji Johnson,WR,0,1,0,1,0,0,0,6,6.0,BUFF
234,187,JD Coffey,S,0,0,1,1,0,0,0,6,6.0,IIISDSU
235,187,Kyren Lacy,WR,0,1,0,1,0,0,0,6,6.0,LSU
236,187,Tamatoa Mokiao-Atimalala,WR,0,1,0,1,0,0,0,6,6.0,HAW
237,187,Brennan Presley,WR,0,1,0,1,0,0,0,6,6.0,OKST
238,187,Mark Redman,TE,0,1,0,1,0,0,0,6,6.0,LOU
239,187,Xavier Restrepo,WR,0,1,0,1,0,0,0,6,6.0,MIA
240,187,Mello Dotson,CB,0,0,1,1,0,0,0,6,6.0,KU
241,187,Ketron Jackson Jr.,WR,0,1,0,1,0,0,0,6,6.0,BAY
242,187,Tyler Warren,TE,0,1,0,1,0,0,0,6,6.0,PSU
243,187,Chamon Metayer,TE,0,1,0,1,0,0,0,6,6.0,ASU
244,187,Jordan Mosley,WR,0,1,0,1,0,0,0,6,6.0,MSST
245,187,Savion Williams,WR,0,1,0,1,0,0,0,6,6.0,TCU
246,187,Justin Wodtly,DL,0,0,1,1,0,0,0,6,6.0,ASU
247,187,Ja'Corey Brooks,WR,0,1,0,1,0,0,0,6,6.0,LOU
248,187,Dekel Crowdus,WR,0,1,0,1,0,0,0,6,6.0,HAW
249,187,Derrick Davis Jr.,RB,1,0,0,1,0,0,0,6,6.0,PITT
250,187,Donovan Edwards,RB,0,1,0,1,0,0,0,6,6.0,MICH
251,187,Miller Moss,QB,0,0,0,1,0,0,0,6,6.0,USC
252,187,B.J. Harris,RB,1,0,0,1,0,0,0,6,6.0,CMU
253,187,Doug Emilien,WR,0,1,0,1,0,0,0,6,6.0,KU
254,187,Caleb Lohner,TE,0,1,0,1,0,0,0,6,6.0,UTAH
255,187,Noah Avinger,CB,0,0,1,1,0,0,0,6,6.0,UNM
256,187,Solo Lewis,WR,0,1,0,1,0,0,0,6,6.0,LT
257,187,Evan Pryor,RB,1,0,0,1,0,0,0,6,6.0,CIN
258,187,John Gentry,RB,1,0,0,1,0,0,0,6,6.0,SHSU
259,187,Luke Grimm,WR,0,1,0,1,0,0,0,6,6.0,KU
260,187,Caleb Medford,WR,0,1,0,1,0,0,0,6,6.0,UNM
261,187,Corey Rucker,WR,0,1,0,1,0,0,0,6,6.0,ARST
262,187,Mike Wright,QB,1,0,0,1,0,0,0,6,6.0,NU
263,187,Bralon Brown,WR,0,1,0,1,0,0,0,6,6.0,MRSH
264,187,Blake Shapen,QB,1,0,0,1,0,0,0,6,6.0,MSST
265,187,Omarion Dollison,WR,0,1,0,1,0,0,0,6,6.0,JMU
266,187,Luke Floriea,WR,0,1,0,1,0,0,0,6,6.0,KENT
267,187,Donavon Greene,WR,0,1,0,1,0,0,0,6,6.0,WAKE
268,187,Taylor Morin,WR,0,0,1,1,0,0,0,6,6.0,WAKE
269,187,Jalen Catalon,DB,0,0,1,1,0,0,0,6,6.0,UNLV
270,187,KJ Jefferson,QB,1,0,0,1,0,0,0,6,6.0,UCF
271,187,Nay'Quan Wright,RB,1,0,0,1,0,0,0,6,6.0,USF
272,187,Christan Horn,WR,0,1,0,1,0,0,0,6,6.0,APP
273,187,Jacolby George,WR,0,1,0,1,0,0,0,6,6.0,MIA
274,187,Michael Hayes,PK,0,0,0,0,2,0,0,6,6.0,IIWVU
275,187,Beau Johnson,TE,0,1,0,1,0,0,0,6,6.0,GASO
276,187,Daniel Hishaw Jr.,RB,1,0,0,1,0,0,0,6,6.0,KU
277,187,Naim Muhammad,CB,0,0,1,1,0,0,0,6,6.0,KENT
278,187,Anthony Watkins,RB,1,0,0,1,0,0,0,6,6.0,TLSA
279,187,Cole Snyder,QB,1,0,0,1,0,0,0,6,6.0,EMU
280,187,Jake Bailey,WR,0,1,0,1,0,0,0,6,6.0,SMU
281,187,Marcus Bellon,WR,0,1,0,1,0,0,0,6,6.0,NEV
282,187,Jahmal Banks,WR,0,1,0,1,0,0,0,6,6.0,NEB
283,187,Quincy Skinner Jr.,WR,0,1,0,1,0,0,0,6,6.0,VAN
284,187,Max Brosmer,QB,1,0,0,1,0,0,0,6,6.0,MINN
285,187,Dom DziobanM-,PK,0,0,0,0,2,0,0,6,6.0,OH
286,187,Jacory Croskey-Merritt,RB,1,0,0,1,0,0,0,6,6.0,ARIZ
287,187,Ramon Puryear,DL,0,0,1,1,0,0,0,6,6.0,LOU
288,187,Josh Kelly,WR,0,1,0,1,0,0,0,6,6.0,TTU
289,187,Ta'Ron Keith,RB,1,0,0,1,0,0,0,6,6.0,USF
290,187,Shamar Sandgren,WR,0,1,0,1,0,0,0,6,6.0,USA
291,187,Sevion Morrison,RB,1,0,0,1,0,0,0,6,6.0,KU
292,187,Marcus Carroll,RB,1,0,0,1,0,0,0,6,6.0,MIZ
293,187,Avery Boyd,WR,0,1,0,1,0,0,0,6,6.0,GT
294,187,Jaylin Noel,WR,0,1,0,1,0,0,0,6,6.0,ISU
295,187,Silas Bolden,WR,0,1,0,1,0,0,0,6,6.0,TEX
296,187,Michael Trigg,TE,0,1,0,1,0,0,0,6,6.0,BAY
297,187,Oronde Gadsden,TE,0,1,0,1,0,0,0,6,6.0,IISYR
298,187,Jordan Dingle,TE,0,1,0,1,0,0,0,6,6.0,UK
299,187,Yulkeith Brown,WR,0,1,0,1,0,0,0,6,6.0,TULN
300,187,Al-Jay Henderson,RB,1,0,0,1,0,0,0,6,6.0,BUFF
301,187,Tre Shackelford,WR,0,1,0,1,0,0,0,6,6.0,WSU
302,187,Raheim Sanders,RB,1,0,0,1,0,0,0,6,6.0,SC
303,187,Jacob Gill,WR,0,1,0,1,0,0,0,6,6.0,IOWA
304,187,Jack Bech,WR,0,1,0,1,0,0,0,6,6.0,TCU
305,187,Malik Rutherford,WR,0,1,0,1,0,0,0,6,6.0,GT
306,187,Demie Sumo-Karngbaye,RB,1,0,0,1,0,0,0,6,6.0,UK
307,187,Key'Shawn Smith,WR,0,1,0,1,0,0,0,6,6.0,SMU
308,187,Donte Kent,DB,0,0,1,1,0,0,0,6,6.0,CMU
309,187,Kyle Monangai,RB,1,0,0,1,0,0,0,6,6.0,RUTG
310,187,Nohl Williams,DB,0,0,1,1,0,0,0,6,6.0,CAL
311,187,Nate Noel,RB,1,0,0,1,0,0,0,6,6.0,MIZ
312,187,Josh McCray,RB,1,0,0,1,0,0,0,6,6.0,ILL
313,187,Jeremiah Ballard,WR,0,1,0,1,0,0,0,6,6.0,TLSA
314,187,Luke Wysong,WR,0,1,0,1,0,0,0,6,6.0,UNM
315,187,Joseph Manjack,WR,0,1,0,1,0,0,0,6,6.0,IVHOU
316,187,Willie Shaw,RB,1,0,0,1,0,0,0,6,6.0,IIITOL
317,187,Tanner Arkin,TE,0,1,0,1,0,0,0,6,6.0,ILL
318,187,Zyrus Fiaseu,LB,0,0,1,1,0,0,0,6,6.0,ASU
319,187,Damien Taylor,RB,1,0,0,1,0,0,0,6,6.0,TROY
320,187,Justin Lamson,QB,1,0,0,1,0,0,0,6,6.0,STAN
321,187,Montrell Johnson Jr.,RB,1,0,0,1,0,0,0,6,6.0,FLA
322,187,Noe Ruelas,PK,0,0,0,0,1,3,0,6,6.0,JMU
323,187,Anthony Smith,WR,0,1,0,1,0,0,0,6,6.0,ECU
324,187,Tyler Van Dyke,QB,1,0,0,1,0,0,0,6,6.0,WIS
325,187,Kaytron Allen,RB,0,1,0,1,0,0,0,6,6.0,PSU
326,187,Luther Burden,WR,0,1,0,1,0,0,0,6,6.0,IIIMIZ
327,187,Kevin Coleman,WR,0,1,0,1,0,0,0,6,6.0,MSST
328,187,Rodney Hill,RB,1,0,0,1,0,0,0,6,6.0,ARK
329,187,Jordan James,RB,1,0,0,1,0,0,0,6,6.0,ORE
330,187,Josh Hoover,QB,1,0,0,1,0,0,0,6,6.0,TCU
331,187,Will Johnson,DB,0,0,1,1,0,0,0,6,6.0,MICH
332,187,Jordan Hudson,WR,0,1,0,1,0,0,0,6,6.0,SMU
333,187,Kendrick Law,WR,0,1,0,1,0,0,0,6,6.0,ALA
334,187,Le'Veon MossTA&M,RB,1,0,0,1,0,0,0,6,6.0,
335,187,Jam Miller,RB,1,0,0,1,0,0,0,6,6.0,ALA
336,187,Gabe Powers,LB,0,0,1,1,0,0,0,6,6.0,OSU
337,187,Jadarian Price,RB,1,0,0,1,0,0,0,6,6.0,ND
338,187,Ty Simpson,QB,1,0,0,1,0,0,0,6,6.0,ALA
339,187,Nicholas Singleton,RB,1,0,0,1,0,0,0,6,6.0,PSU
340,187,Samuel Brown,RB,0,1,0,1,0,0,0,6,6.0,VRUTG
341,187,Damari Alston,RB,1,0,0,1,0,0,0,6,6.0,AUB
342,187,Quinshon Judkins,RB,1,0,0,1,0,0,0,6,6.0,OSU
343,187,Roydell Williams,RB,1,0,0,1,0,0,0,6,6.0,FSU
344,187,Max Johnson,QB,1,0,0,1,0,0,0,6,6.0,UNC
345,187,Dre'lyn Washington,RB,1,0,0,1,0,0,0,6,6.0,UL
346,187,Kobe Pace,RB,1,0,0,1,0,0,0,6,6.0,UVA
347,187,Tabor Allen,PK,0,0,0,0,0,6,0,6,6.0,KU
348,187,Hinckley Ropati,RB,1,0,0,1,0,0,0,6,6.0,BYU
349,187,Caden Prieskorn,TE,0,1,0,1,0,0,0,6,6.0,MISS
350,187,Elijah Green,RB,1,0,0,1,0,0,0,6,6.0,IU
351,187,Roman Hemby,RB,1,0,0,1,0,0,0,6,6.0,MD
352,187,Jaxson Dart,QB,1,0,0,1,0,0,0,6,6.0,MISS
353,187,Reese Burkhardt,PK,0,0,0,0,1,3,0,6,6.0,TTU
354,187,Zeke Rankin,PK,0,0,0,0,1,3,0,6,6.0,MTSU
355,187,Johnny Richardson,RB,0,1,0,1,0,0,0,6,6.0,UCF
356,187,Savion Red,RB,1,0,0,1,0,0,0,6,6.0,NEV
357,187,Caleb Kibodi,LB,0,0,1,1,0,0,0,6,6.0,UL
358,187,Aaron Anderson,WR,0,1,0,1,0,0,0,6,6.0,LSU
359,187,Greg Desrosiers Jr.,RB,1,0,0,1,0,0,0,6,6.0,MEM
360,187,CJ Garnett,LB,0,0,1,1,0,0,0,6,6.0,UNT
361,187,Bryson Barnes,QB,1,0,0,1,0,0,0,6,6.0,USU
362,187,Grant Wilson,QB,1,0,0,1,0,0,0,6,6.0,ODU
363,187,Antwane Wells Jr.,WR,0,1,0,1,0,0,0,6,6.0,MISS
364,187,Reggie Love,RB,1,0,0,1,0,0,0,6,6.0,IIIPUR
365,187,Cam Skattebo,RB,1,0,0,1,0,0,0,6,6.0,ASU
366,187,Jalen John,RB,1,0,0,1,0,0,0,6,6.0,MASS
367,187,Toriano Pride Jr.,CB,0,0,1,1,0,0,0,6,6.0,MIZ
368,187,Cole Becker,PK,0,0,0,0,0,6,0,6,6.0,UTAH
369,187,Jonah Dalmas,PK,0,0,0,0,0,6,0,6,6.0,BOIS
370,187,Jaden Williams,WR,0,1,0,1,0,0,0,6,6.0,TXST
371,187,De'Nylon Morrissette,WR,0,1,0,1,0,0,0,6,6.0,PUR
372,187,Braylin Presley,WR,1,0,0,1,0,0,0,6,6.0,TLSA
373,187,RJ Maryland,TE,0,1,0,1,0,0,0,6,6.0,SMU
374,187,Jimmy Horn Jr.,WR,0,1,0,1,0,0,0,6,6.0,COLO
375,187,Jaquez Moore,RB,1,0,0,1,0,0,0,6,6.0,DUKE
376,187,Trace Bruckler,TE,0,1,0,1,0,0,0,6,6.0,UNM
377,187,Devonte Ross,WR,0,1,0,1,0,0,0,6,6.0,TROY
378,187,Jarquez Hunter,RB,1,0,0,1,0,0,0,6,6.0,AUB
379,187,Jameson Tucker,WR,0,1,0,1,0,0,0,6,6.0,CCU
380,187,Konata Mumpfield,WR,0,1,0,1,0,0,0,6,6.0,PITT
381,187,Oran Singleton,WR,0,1,0,1,0,0,0,6,6.0,EMU
382,187,Horatio Fields,WR,0,1,0,1,0,0,0,6,6.0,WAKE
383,187,Davon Wells,WR,0,1,0,1,0,0,0,6,6.0,ULM
384,187,Colston Loveland,TE,0,1,0,1,0,0,0,6,6.0,MICH
385,187,Michael Pettway,WR,0,1,0,1,0,0,0,6,6.0,JVST
386,187,Kenny Fletcher,TE,0,1,0,1,0,0,0,6,6.0,RUTG
387,187,Zach Pyron,QB,1,0,0,1,0,0,0,6,6.0,GT
388,187,Thomas Castellanos,QB,1,0,0,1,0,0,0,6,6.0,BC
389,187,Owen McCown,QB,1,0,0,1,0,0,0,6,6.0,UTSA
390,187,Dymere Miller,WR,0,1,0,1,0,0,0,6,6.0,RUTG
391,187,Mata'ava Ta'ase,TE,0,1,0,1,0,0,0,6,6.0,BYU
392,187,Ryan Burger,QB,1,0,0,1,0,0,0,6,6.0,LIB
393,187,Rocco Becht,QB,1,0,0,1,0,0,0,6,6.0,ISU
394,187,Isaiah Bond,WR,0,1,0,1,0,0,0,6,6.0,TEX
395,187,Colby McCalister,S,0,0,1,1,0,0,0,6,6.0,KSU
396,187,Makhi Hughes,RB,1,0,0,1,0,0,0,6,6.0,TULN
397,187,Alex Bauman,TE,0,1,0,1,0,0,0,6,6.0,TULN
398,187,Denzel Boston,WR,0,1,0,1,0,0,0,6,6.0,WASH
399,187,Djouvensky Schlenbaker,RB,1,0,0,1,0,0,0,6,6.0,WSU
400,187,Demond Claiborne,RB,1,0,0,1,0,0,0,6,6.0,WAKE
401,187,Ethan Vasko,QB,1,0,0,1,0,0,0,6,6.0,CCU
402,187,Max Klare,TE,0,1,0,1,0,0,0,6,6.0,PUR
403,187,Jayshon Platt,WR,0,1,0,1,0,0,0,6,6.0,FAU
404,187,Junior Vandeross,WR,0,1,0,1,0,0,0,6,6.0,IIITOL
405,187,Christian Ellis,S,0,0,1,1,0,0,0,6,6.0,UNM
406,187,Ty Washington,TE,0,1,0,1,0,0,0,6,6.0,ARK
407,187,Jaiden Credle,RB,1,0,0,1,0,0,0,6,6.0,MTSU
408,187,Dae'Quan Wright,TE,0,1,0,1,0,0,0,6,6.0,MISS
409,187,Terrance Carter,TE,0,1,0,1,0,0,0,6,6.0,UL
410,187,Tate Carney,RB,1,0,0,1,0,0,0,6,6.0,WAKE
411,187,Rayshawn Pleasant,DB,0,0,1,1,0,0,0,6,6.0,TULN
412,187,Brayden Loftin,TE,0,1,0,1,0,0,0,6,6.0,KSU
413,187,Dane Pardridge,WR,0,1,0,1,0,0,0,6,6.0,NIU
414,187,Chrishon McCray,WR,0,1,0,1,0,0,0,6,6.0,KENT
415,187,Caleb Douglas,WR,0,1,0,1,0,0,0,6,6.0,TTU
416,187,Jeremiah Hasley,TE,0,1,0,1,0,0,0,6,6.0,DUKE
417,187,Nik McMillan,WR,0,1,0,1,0,0,0,6,6.0,BUFF
418,187,Javious Bond,RB,1,0,0,1,0,0,0,6,6.0,ECU
419,187,Ethan Davis,TE,0,1,0,1,0,0,0,6,6.0,TENN
420,187,Malik Elzy,WR,0,1,0,1,0,0,0,6,6.0,ILL
421,187,Rico Flores Jr.,WR,0,1,0,1,0,0,0,6,6.0,UCLA
422,187,Kaden Feagin,RB,1,0,0,1,0,0,0,6,6.0,ILL
423,187,Justice Haynes,RB,1,0,0,1,0,0,0,6,6.0,ALA
424,187,Jeremiyah Love,RB,1,0,0,1,0,0,0,6,6.0,ND
425,187,Ja'Kobi Lane,WR,0,1,0,1,0,0,0,6,6.0,USC
426,187,Cayden Lee,WR,0,1,0,1,0,0,0,6,6.0,MISS
427,187,Arch Manning,QB,1,0,0,1,0,0,0,6,6.0,TEX
428,187,Malachi Singleton,QB,1,0,0,1,0,0,0,6,6.0,ARK
429,187,Carnell Tate,WR,0,1,0,1,0,0,0,6,6.0,OSU
430,187,Creed Whittemore,WR,1,0,0,1,0,0,0,6,6.0,MSST
431,187,Treyaun Webb,RB,1,0,0,1,0,0,0,6,6.0,FLA
432,187,Quintrevion Wisner,RB,1,0,0,1,0,0,0,6,6.0,TEX
433,187,Cardell Williams,QB,1,0,0,1,0,0,0,6,6.0,TLSA
434,187,Raylen Sharpe,WR,0,1,0,1,0,0,0,6,6.0,FRES
435,187,Sam Jackson,WR,0,1,0,1,0,0,0,6,6.0,VAUB
436,187,LaNorris Sellers,QB,1,0,0,1,0,0,0,6,6.0,SC
437,187,Garrison Smith,PK,0,0,0,0,2,0,0,6,6.0,AKR
438,187,Jesús Gómez,PK,0,0,0,0,2,0,0,6,6.0,EMU
439,187,Andrew Glass,PK,0,0,0,0,1,3,0,6,6.0,KENT
440,187,Kanon Woodill,PK,0,0,0,0,0,6,0,6,6.0,NIU
441,187,Kyler Halvorsen,PK,0,0,0,0,0,6,0,6,6.0,SJSU
442,187,Ayo Adeyi,RB,1,0,0,1,0,0,0,6,6.0,JMU
443,187,Isiah Paige,WR,0,1,0,1,0,0,0,6,6.0,ODU
444,187,Jaren Kanak,LB,0,0,1,1,0,0,0,6,6.0,OU
445,187,Myles Butler,WR,0,1,0,1,0,0,0,6,6.0,MTSU
446,187,Jayden Higgins,WR,0,1,0,1,0,0,0,6,6.0,ISU
447,187,Cole Fuller,TE,1,0,0,1,0,0,0,6,6.0,JVST
448,187,Zach Horton,TE,0,1,0,1,0,0,0,6,6.0,IU
449,187,Kam Thomas,WR,0,1,0,1,0,0,0,6,6.0,UTEP
450,187,David Fisher,DB,0,0,1,1,0,0,0,6,6.0,SHSU
451,187,Ashtyn Hawkins,WR,0,1,0,1,0,0,0,6,6.0,BAY
452,187,Trey Gronotte,PK,0,0,0,0,0,6,0,6,6.0,ARMY
453,187,Byrum Brown,QB,1,0,0,1,0,0,0,6,6.0,USF
454,187,Daba Fofana,FB,1,0,0,1,0,0,0,6,6.0,NAVY
455,187,Cash Jones,RB,1,0,0,1,0,0,0,6,6.0,UGA
456,187,Sterling Berkhalter,WR,0,1,0,1,0,0,0,6,6.0,CIN
457,187,Jalen Macon,QB,1,0,0,1,0,0,0,6,6.0,NIU
458,187,Bauer Sharp,TE,0,1,0,1,0,0,0,6,6.0,OU
459,187,Atticus Sappington,PK,0,0,0,0,1,3,0,6,6.0,ORE
460,187,Jamaal Pritchett,WR,0,1,0,1,0,0,0,6,6.0,USA
461,187,Louis Brown,WR,0,1,0,1,0,0,0,6,6.0,IVSDSU
462,187,Senika McKie,WR,0,1,0,1,0,0,0,6,6.0,CCU
463,187,Gavin Gibson,DB,0,0,1,1,0,0,0,6,6.0,ECU
464,187,Dalen Cobb,WR,0,1,0,1,0,0,0,6,6.0,GASO
465,187,Rocky Beers,TE,0,1,0,1,0,0,0,6,6.0,FIU
466,187,Keyshaun Pipkin,WR,0,1,0,1,0,0,0,6,6.0,NIU
467,187,LeQuint Allen,RB,0,1,0,1,0,0,0,6,6.0,SYR
468,187,Trell Harris,WR,0,1,0,1,0,0,0,6,6.0,UVA
469,187,Tylan Hines,WR,0,0,1,1,0,0,0,6,6.0,HAW
470,187,John Mateer,QB,1,0,0,1,0,0,0,6,6.0,WSU
471,187,Cam Cook,RB,1,0,0,1,0,0,0,6,6.0,TCU
472,187,Jordan Napier,WR,0,1,0,1,0,0,0,6,6.0,SDSU
473,187,Harvey Broussard,WR,0,1,0,1,0,0,0,6,6.0,UL
474,187,Gio Lopez,QB,1,0,0,1,0,0,0,6,6.0,USA
475,187,DeSean Bishop,RB,1,0,0,1,0,0,0,6,6.0,TENN
476,187,Jamal Roberts,RB,1,0,0,1,0,0,0,6,6.0,MIZ
477,187,Nolan Ray,RB,1,0,0,1,0,0,0,6,6.0,MD
478,187,Dawson Pendergrass,RB,1,0,0,1,0,0,0,6,6.0,BAY
479,187,Keyjuan Brown,RB,1,0,0,1,0,0,0,6,6.0,LOU
480,187,Dante Dowdell,RB,1,0,0,1,0,0,0,6,6.0,NEB
481,187,CJ Hester,RB,1,0,0,1,0,0,0,6,6.0,MASS
482,187,Kenny Johnson,WR,0,1,0,1,0,0,0,6,6.0,PITT
483,187,Trey Leckner,TE,0,1,0,1,0,0,0,6,6.0,WSU
484,187,Anthony Colandrea,QB,1,0,0,1,0,0,0,6,6.0,UVA
485,187,Evan Boyd,WR,0,1,0,1,0,0,0,6,6.0,CMU
486,187,Anthony Eager,WR,0,1,0,1,0,0,0,6,6.0,USA
487,187,Aidan Chiles,QB,1,0,0,1,0,0,0,6,6.0,MSU
488,187,Amare Thomas,WR,0,1,0,1,0,0,0,6,6.0,UAB
489,187,Jaron Tibbs,WR,0,1,0,1,0,0,0,6,6.0,PUR
490,187,Nyziah Hunter,WR,0,1,0,1,0,0,0,6,6.0,CAL
491,187,London Humphreys,WR,0,1,0,1,0,0,0,6,6.0,UGA
492,187,Khalifa Keith,RB,1,0,0,1,0,0,0,6,6.0,TENN
493,187,Lloyd Avant,RB,0,0,1,1,0,0,0,6,6.0,TLSA
494,187,Mario Craver,WR,0,1,0,1,0,0,0,6,6.0,MSST
495,187,Isaac Brown,RB,1,0,0,1,0,0,0,6,6.0,LOU
496,187,Decker DeGraaf,TE,0,1,0,1,0,0,0,6,6.0,WASH
497,187,Cam Coleman,WR,0,1,0,1,0,0,0,6,6.0,AUB
498,187,Jerrick Gibson,RB,1,0,0,1,0,0,0,6,6.0,TEX
499,187,Zy'marion Lang,WR,0,1,0,1,0,0,0,6,6.0,TOL
500,187,Daniel Hill,RB,1,0,0,1,0,0,0,6,6.0,ALA
501,187,Derrick McFall,WR,1,0,0,1,0,0,0,6,6.0,SMU
502,187,Braylen Russell,RB,1,0,0,1,0,0,0,6,6.0,ARK
503,187,DeJuan Williams,RB,1,0,0,1,0,0,0,6,6.0,MD
504,187,Taylor Tatum,RB,1,0,0,1,0,0,0,6,6.0,OU
505,187,Perry Thompson,WR,0,1,0,1,0,0,0,6,6.0,AUB
506,187,Jaylen Raynor,QB,1,0,0,1,0,0,0,6,6.0,ARST
507,187,Max Larson,PK,0,0,0,0,1,3,0,6,6.0,ULM
508,187,Jack Griese,RB,0,1,0,1,0,0,0,6,6.0,UVA
509,187,Brandon Chatman,RB,0,1,0,1,0,0,0,6,6.0,NAVY
510,187,Shane Reynolds,FB,1,0,0,1,0,0,0,6,6.0,NAVY
511,187,Alex Tecza,FB,1,0,0,1,0,0,0,6,6.0,NAVY
512,187,La'James White,RB,1,0,0,1,0,0,0,6,6.0,KSU
513,187,Tawee Walker,RB,1,0,0,1,0,0,0,6,6.0,WIS
514,187,Cortez Braham Jr.,WR,0,1,0,1,0,0,0,6,6.0,NEV
515,187,CJ Donaldson Jr.,RB,1,0,0,1,0,0,0,6,6.0,WVU
516,187,Andrew Conrad,PK,0,0,0,0,0,6,0,6,6.0,ECU
517,187,Noah Short,RB,1,0,0,1,0,0,0,6,6.0,ARMY
518,187,Clev Lubin,LB,0,0,1,1,0,0,0,6,6.0,CCU
519,187,Dean Connors,RB,1,0,0,1,0,0,0,6,6.0,RICE
520,187,A.J. Turner,RB,1,0,0,1,0,0,0,6,6.0,MRSH
521,187,Jalen Royals,WR,0,1,0,1,0,0,0,6,6.0,USU
522,187,Carson Kent,TE,0,1,0,1,0,0,0,6,6.0,KENN
523,187,Cam Thompson,WR,0,1,0,1,0,0,0,6,6.0,NIU
524,187,Nate Frazier,RB,1,0,0,1,0,0,0,6,6.0,UGA
525,187,Justin Pegues,RB,0,0,1,1,0,0,0,6,6.0,BGSU
526,187,Kevin Jennings,QB,1,0,0,1,0,0,0,6,6.0,SMU
527,187,Pofele Ashlock,WR,0,1,0,1,0,0,0,6,6.0,HAW
528,187,Diego Pavia,QB,1,0,0,1,0,0,0,6,6.0,VAN
529,187,Ismail Mahdi,RB,1,0,0,1,0,0,0,6,6.0,TXST
530,187,Aiden Calvert,RB,1,0,0,1,0,0,0,6,6.0,AFA
531,187,Naquari Rogers,RB,0,1,0,1,0,0,0,6,6.0,UNM
532,187,Jaheim Merriweather,RB,1,0,0,1,0,0,0,6,6.0,PUR
533,187,Aakeem Snell,DB,0,0,1,1,0,0,0,6,6.0,CMU
534,187,Makai Jackson,WR,1,0,0,1,0,0,0,6,6.0,APP
535,187,Dorian Fleming,TE,0,1,0,1,0,0,0,6,6.0,GAST
536,187,Colbie Young,WR,0,1,0,1,0,0,0,6,6.0,UGA
537,187,Marlion Jackson,WR,0,1,0,1,0,0,0,6,6.0,LT
538,187,Carl Chester,WR,0,1,0,1,0,0,0,6,6.0,MRSH
539,187,Tre Stewart,RB,1,0,0,1,0,0,0,6,6.0,JVST
540,187,Eric Singleton Jr.,WR,1,0,0,1,0,0,0,6,6.0,GT
541,187,Liam Rickman,PK,0,0,0,0,2,0,0,6,6.0,GAST
542,187,Keaton Thomas,LB,0,0,1,1,0,0,0,6,6.0,BAY
543,187,James Peoples,RB,1,0,0,1,0,0,0,6,6.0,OSU
544,187,Arnold Barnes,RB,1,0,0,1,0,0,0,6,6.0,IIITULN
545,187,Kyson Brown,RB,0,1,0,1,0,0,0,6,6.0,ASU
546,187,Jordan Ross,DL,0,0,1,1,0,0,0,6,6.0,TENN
547,187,Jackson Harris,WR,0,1,0,1,0,0,0,6,6.0,STAN
548,187,Ismael Cisse,WR,0,1,0,1,0,0,0,6,6.0,STAN
549,187,Kam Shanks,WR,0,0,1,1,0,0,0,6,6.0,UAB
550,187,Jaylen Poe,RB,1,0,0,1,0,0,0,6,6.0,NIU
551,187,Duke Watson,RB,1,0,0,1,0,0,0,6,6.0,LOU
552,187,Josiah McLaurin,RB,0,1,0,1,0,0,0,6,6.0,MD
553,187,Elijah Cannon,CB,0,0,1,1,0,0,0,6,6.0,MSST
554,187,Tano Letuli,LB,0,0,1,1,0,0,0,6,6.0,SDSU
555,187,Jake Rendina,RB,1,0,0,1,0,0,0,6,6.0,ARMY
556,187,Elijah Jackson,RB,1,0,0,1,0,0,0,6,6.0,PUR
557,187,Qua'Vez Humphreys,WR,0,1,0,1,0,0,0,6,6.0,SHSU
558,187,Lucian Anderson,QB,1,0,0,1,0,0,0,6,6.0,IIIBGSU
559,187,Grayson Barnes,TE,0,1,0,1,0,0,0,6,6.0,NIU
560,187,Brandon Hawkins Jr.,WR,0,1,0,1,0,0,0,6,6.0,UAB
561,187,Deuce Alexander,WR,0,1,0,1,0,0,0,6,6.0,WAKE
562,187,Brendan Doyle,TE,0,1,0,1,0,0,0,6,6.0,MEM
563,187,Mike Mitchell,RB,1,0,0,1,0,0,0,6,6.0,UTAH
564,187,Stephen Hall,DB,0,0,1,1,0,0,0,6,6.0,WSU
565,187,Davon Booth,RB,1,0,0,1,0,0,0,6,6.0,MSST
566,187,Tavion Smith,WR,0,1,0,1,0,0,0,6,6.0,UL
567,187,David Wells Jr.,WR,0,1,0,1,0,0,0,6,6.0,ORST
568,187,Braxton Woodson,QB,1,0,0,1,0,0,0,6,6.0,NAVY
569,187,Jojo Phillips,WR,0,1,0,1,0,0,0,6,6.0,BYU
570,187,Jacqez Barksdale,RB,1,0,0,1,0,0,0,6,6.0,BUFF
571,187,Nick Reed,PK,0,0,0,0,1,3,0,6,6.0,BUFF
572,187,Chris Durr Jr.,WR,0,1,0,1,0,0,0,6,6.0,WYO
573,187,Ahmad Hardy,RB,1,0,0,1,0,0,0,6,6.0,ULM
574,187,Antwan Raymond,RB,1,0,0,1,0,0,0,6,6.0,RUTG
575,187,Tyrell Reed Jr.,RB,1,0,0,1,0,0,0,6,6.0,ARK
576,187,Leland Smith,WR,0,1,0,1,0,0,0,6,6.0,PUR
577,187,Isaiah Myers,WR,0,1,0,1,0,0,0,6,6.0,CLT
578,187,Dylan Cunanan,PK,0,0,0,0,0,6,0,6,6.0,TOL
579,187,Fluff Bothwell,RB,1,0,0,1,0,0,0,6,6.0,USA
580,187,Javon Campbell,WR,0,1,0,1,0,0,0,6,6.0,ULM
581,187,James Jones,RB,1,0,0,1,0,0,0,6,6.0,ULM
582,187,Jacob Stewart,TE,0,1,0,1,0,0,0,6,6.0,SJSU
583,187,Tray Taylor,WR,0,1,0,1,0,0,0,6,6.0,CCU
584,585,Dragan Kesich,PK,0,0,0,0,1,2,0,5,5.0,MINN
585,585,Trey Smack,PK,0,0,0,0,1,2,0,5,5.0,FLA
586,585,Buck Buchanan,P,0,0,0,0,1,2,0,5,5.0,LT
587,585,Grady Gross,PK,0,0,0,0,0,5,0,5,5.0,WASH
588,585,Nathan Kirkwood,PK,0,0,0,0,0,5,0,5,5.0,NAVY
589,585,Jackson Kleather,PK,0,0,0,0,0,5,0,5,5.0,BGSU
590,591,Nick Lopez,PK,0,0,0,0,0,4,0,4,4.0,SDSU
591,591,Sander Sahaydak,PK,0,0,0,0,0,4,0,4,4.0,PSU
592,591,Morgan Suarez,PK,0,0,0,0,1,1,0,4,4.0,FAU
593,591,Chase Allen,PK,0,0,0,0,0,4,0,4,4.0,UTSA
594,591,Dylan Lynch,PK,0,0,0,0,1,1,0,4,4.0,FRES
595,591,Luca Lombardo,PK,0,0,0,0,0,4,0,4,4.0,BC
596,597,Maddux Trujillo,PK,0,0,0,0,1,0,0,3,3.0,TEM
597,597,Matthew Dapore,PK,0,0,0,0,0,3,0,3,3.0,AFA
598,597,Tony Sterner,PK,0,0,0,0,1,0,0,3,3.0,UL
599,597,Nolan Hauser,PK,0,0,0,0,1,0,0,3,3.0,CLEM
600,597,Kyle Konrardy,PK,0,0,0,0,0,3,0,3,3.0,ISU
601,597,Gabriel Plascencia,PK,0,0,0,0,1,0,0,3,3.0,SDSU
602,603,Team,-,0,0,0,0,0,0,0,2,2.0,NMSU
603,603,Team,-,0,0,0,0,0,0,0,2,2.0,MSU
604,603,Team,-,0,0,0,0,0,0,0,2,2.0,LT
605,603,Team,-,0,0,0,0,0,0,0,2,2.0,UCF
606,603,Konner Fox,TE,0,0,0,0,0,0,1,2,2.0,TXST
607,603,Tim Horn,PK,0,0,0,0,0,2,0,2,2.0,RICE
608,603,Jonathan Kim,PK,0,0,0,0,0,2,0,2,2.0,MSU
609,603,Gabriel Lozano,PK,0,0,0,0,0,2,0,2,2.0,SMU
610,603,Ty Robinson,DL,0,0,0,0,0,0,0,2,2.0,NEB
611,603,Matthew Daniel,P,0,0,0,0,0,0,0,2,2.0,GASO
612,603,Billy Riviere,TE,0,0,0,0,0,0,1,2,2.0,IIIWSU
613,603,Jaden Smith,WR,0,0,0,0,0,0,1,2,2.0,NEV
614,603,Markus Allen,WR,0,0,0,0,0,0,1,2,2.0,EMU
615,603,Parker Navarro,QB,0,0,0,0,0,0,0,2,2.0,OHIO
616,603,Eli Sanders,RB,0,0,0,0,0,0,1,2,2.0,UNM
617,603,Michael Harrison,TE,0,0,0,0,0,0,1,2,2.0,SDSU
618,603,Brian Courtney,TE,0,0,0,0,0,0,1,2,2.0,FSU
619,603,Kellen Stewart,WR,0,0,0,0,0,0,1,2,2.0,MTSU
620,603,Jesus Gomez,PK,0,0,0,0,0,2,0,2,2.0,EMU
621,603,Palmer Domschke,PK,0,0,0,0,0,2,0,2,2.0,WMU
622,603,Trech Kekahuna,WR,0,0,0,0,0,0,1,2,2.0,WIS
623,603,Cameron Camper,WR,0,0,0,0,0,0,1,2,2.0,BOIS
624,603,Josh Turbyville,PK,0,0,0,0,0,2,0,2,2.0,TENN
625,603,Conor Talty,PK,0,0,0,0,0,2,0,2,2.0,ALA
626,603,Jacob Lurie,PK,0,0,0,0,0,2,0,2,2.0,MASS
627,603,Parker Awad,QB,0,0,0,0,0,0,1,2,2.0,NMSU
628,629,Chris Freeman,PK,0,0,0,0,0,1,0,1,1.0,CONN
629,629,Chase Gabriel,PK,0,0,0,0,0,1,0,1,1.0,FIU
630,629,John Hoyland,PK,0,0,0,0,0,1,0,1,1.0,WYO
631,629,Blake Glessner,PK,0,0,0,0,0,1,0,1,1.0,UCLA
632,629,Gavin Marshall,PK,0,0,0,0,0,1,0,1,1.0,MD
633,629,Nick Keller,PK,0,0,0,0,0,1,0,1,1.0,LOU
634,629,Buzz Flabiano,PK,0,0,0,0,0,1,0,1,1.0,UTEP
635,629,Joseph Kim,PK,0,0,0,0,0,1,0,1,1.0,HOU
636,629,Nico Gramatica,PK,0,0,0,0,0,1,0,1,1.0,USF
637,629,Kyle Cunanan,PK,0,0,0,0,0,1,0,1,1.0,CLT
638,629,Connor Hawkins,PK,0,0,0,0,0,1,0,1,1.0,BAY
639,629,Ty Ippolito,PK,0,0,0,0,0,1,0,1,1.0,USF
640,629,Trey Coleman,PK,0,0,0,0,0,1,0,1,1.0,UTAH
641,629,Cooper Ranvier,PK,0,0,0,0,0,1,0,1,1.0,LOU
642,629,Cade Graham,PK,0,0,0,0,0,1,0,1,1.0,CMU
643,629,Spencer Conrad,PK,0,0,0,0,0,1,0,1,1.0,TOL
